"","SB01.15","SB01.16","SB01.18","SB02.12","SB02.13","SB02.21","SB02.28","SB06.20","SB06.30","SB07.12","SB10.13","SB10.16","SB10.17","SB10.20","SB10.21","SB10.23","SB11.11","SB11.12","SB11.24","SB11.30"
"K07480",8,5,2,3,2,1,2,2,5,4,0,2,1,2,0,2,2,0,1,3
"K01749",1,3,4,0,0,1,11,1,0,2,0,2,1,1,1,2,6,3,0,3
"K03284",3,5,4,6,7,4,12,0,2,1,3,7,2,3,0,2,1,3,4,4
"K04763",4,12,2,34,92,19,39,3,2,60,114,107,30,25,53,61,3,17,2,4
"K01778",3,6,21,14,30,12,27,5,2,26,36,23,14,18,17,18,11,7,10,4
"K00549",1,14,5,15,3,8,3,10,11,5,3,2,1,5,8,11,14,8,9,7
"K21064",4,19,7,89,169,37,108,7,6,204,209,144,50,26,177,96,7,32,7,9
"K05786",0,0,1,3,1,3,1,1,1,1,1,1,2,5,0,1,3,0,1,2
"K02355",122,192,246,340,503,127,505,102,284,855,519,587,191,124,365,310,185,225,233,181
"K02358",719,822,1144,996,1460,386,1554,525,1495,2045,1296,1830,425,455,1234,716,1151,881,1134,854
"K02863",704,639,1578,903,1586,310,1421,483,1469,1532,1460,1617,472,333,495,860,822,741,898,806
"K02864",481,736,861,934,1963,437,1610,382,957,1009,1564,1709,1726,444,454,764,564,1795,946,596
"K02992",131,298,194,573,783,259,1006,69,126,757,845,816,406,183,530,364,122,449,274,202
"K03073",1,70,2,545,588,113,559,10,12,618,1670,893,150,155,497,347,16,68,1,1
"K02950",206,1369,505,4393,6542,1464,6061,347,659,11825,10784,6966,3824,1386,9472,4423,423,3229,493,535
"K02935",330,587,629,1749,3200,539,2334,302,822,3334,3114,2702,733,436,1867,1891,623,966,620,408
"K10914",2,4,2,2,2,2,3,2,0,0,1,1,11,4,0,1,5,7,1,4
"K04095",4,5,4,6,5,7,12,3,0,0,3,5,5,3,0,5,6,4,5,5
"K03768",6,118,22,549,1410,223,692,16,45,1729,1182,809,319,204,1078,737,19,174,15,27
"K01652",2,1,1,2,1,2,2,1,1,0,1,2,2,1,0,1,0,1,1,1
"K00826",4,4,3,5,6,4,11,1,1,0,3,6,1,3,1,1,1,2,5,3
"K02342",78,78,154,83,156,33,92,76,172,121,88,165,37,38,65,88,78,121,139,93
"K03469",1,6,3,12,1,13,3,6,1,0,0,2,6,7,1,8,7,12,12,8
"K07089",5,5,7,14,21,8,17,5,0,35,27,16,9,9,17,16,8,2,2,3
"K07056",16,76,10,338,604,128,500,10,19,455,909,719,187,132,522,307,11,102,11,16
"K07460",0,14,2,133,259,72,249,1,10,104,384,308,66,22,118,147,0,42,1,4
"K07461",0,24,1,49,221,42,146,0,3,40,305,138,70,31,64,31,0,23,2,10
"K02335",16,11,4,26,40,13,39,4,14,60,40,49,12,8,38,25,8,11,6,4
"K03978",36,27,59,23,19,16,47,35,60,4,12,38,22,16,1,12,35,40,34,30
"K07391",9,2,2,14,18,3,8,1,3,28,24,16,4,5,17,12,0,3,0,5
"K06901",4,22,17,26,25,23,30,18,16,55,33,24,16,24,25,35,15,18,12,22
"K02073",5,12,10,11,9,6,22,8,7,1,6,15,5,5,0,4,11,9,9,9
"K00926",117,56,154,41,73,4,59,55,217,4,18,82,19,18,12,17,137,74,184,111
"K03424",16,48,25,141,279,56,202,17,42,217,488,359,90,67,232,183,28,55,25,21
"K01997",2,3,4,2,0,4,2,4,2,0,0,0,2,5,1,2,4,3,3,4
"K01995",1,3,2,2,3,2,4,1,1,0,2,4,1,3,1,1,0,2,3,2
"K10822",14,64,25,275,515,100,353,16,25,671,646,481,127,95,342,299,18,89,26,25
"K01996",1,3,2,4,2,3,4,2,1,0,2,3,1,1,1,1,0,2,4,1
"K00661",3,7,3,6,3,8,8,6,4,0,3,6,10,7,2,4,4,4,4,9
"K02982",348,497,661,1015,1823,388,1461,225,907,2489,1937,1758,710,438,1216,1008,454,780,463,438
"K02933",159,409,310,1061,1777,459,1588,145,351,2044,1735,1529,491,397,1144,1025,246,526,374,291
"K02931",329,541,678,842,1094,364,1529,296,812,1344,981,1530,347,343,489,626,473,581,748,553
"K02878",133,648,188,1845,2962,796,2833,182,269,3306,3139,2468,868,751,1484,1841,171,711,296,283
"K02881",184,495,395,801,1525,416,1608,162,446,1232,1700,1446,833,313,960,802,321,722,477,354
"K02890",172,428,339,1163,1654,527,1696,128,406,1899,1613,1630,475,337,1002,1028,220,454,370,274
"K02895",203,587,459,1025,1431,443,1709,213,413,1251,1743,1637,1013,392,286,688,297,986,473,447
"K02954",251,719,508,1508,2058,304,1370,346,828,5204,1893,2011,765,551,1210,1117,964,700,540,422
"K02032",15,140,59,76,137,30,111,124,82,224,119,163,51,48,212,94,127,119,91,55
"K05515",0,6,0,32,98,15,40,1,2,51,105,72,21,14,38,32,0,9,0,1
"K05837",0,1,2,2,1,1,3,1,0,0,1,2,2,2,0,1,2,1,1,1
"K01638",1,6,4,3,1,1,3,1,2,0,2,3,0,0,0,1,2,1,5,2
"K07795",7,2,1,3,3,1,5,0,7,0,3,3,1,1,0,2,2,4,2,1
"K04066",3,19,9,27,26,12,33,17,16,18,21,33,8,15,6,22,15,16,16,21
"K02529",6,24,13,26,19,15,50,9,9,0,16,24,12,10,2,7,10,15,17,17
"K01733",1,1,1,2,2,2,5,1,1,0,2,2,2,1,0,1,1,1,2,2
"K00872",3,3,7,4,4,4,4,4,3,0,4,9,2,2,0,2,1,5,6,4
"K04042",5,5,4,6,6,4,9,3,1,0,3,6,7,3,2,2,5,3,7,4
"K03710",2,3,1,2,2,2,2,1,1,0,2,2,1,1,0,2,1,1,3,1
"K00266",1,2,2,3,2,2,6,1,0,0,1,2,2,2,0,1,2,2,4,2
"K19334",1,5,0,22,241,4,39,0,2,44,255,48,42,21,94,58,0,9,0,1
"K00383",0,2,1,3,1,2,4,1,1,0,1,3,3,1,0,1,1,2,1,2
"K00537",4,9,5,8,8,5,19,2,1,0,0,3,3,3,0,5,1,5,5,3
"K02313",19,26,31,55,98,28,102,23,24,101,140,127,38,24,37,69,27,29,32,18
"K02338",16,77,15,337,621,128,466,20,25,918,1072,585,191,155,945,356,19,108,24,17
"K03629",7,23,8,39,64,21,56,12,5,38,80,63,23,12,30,24,17,15,14,13
"K01271",2,5,5,8,7,5,16,3,3,0,6,10,3,3,0,3,2,4,8,7
"K00564",7,3,5,6,5,4,13,2,4,0,1,7,2,12,0,7,2,1,3,2
"K03789",1,6,3,5,5,7,21,5,1,0,2,10,14,4,0,3,6,13,3,6
"K03549",4,6,6,9,5,8,16,7,6,0,3,8,4,9,4,6,10,5,10,13
"K03924",2,23,1,183,374,54,164,3,8,743,430,355,98,54,313,233,3,41,1,2
"K07497",76,301,127,189,100,381,211,349,65,34,64,117,229,337,10,235,196,171,206,290
"K07483",16,167,87,148,63,176,224,137,71,11,77,148,108,152,0,134,136,99,112,176
"K01610",2,1,2,4,2,3,7,3,2,0,1,4,5,2,0,1,4,1,5,3
"K02483",10,25,16,19,20,16,48,10,18,1,13,30,19,8,1,10,21,21,22,25
"K01586",0,2,1,2,2,2,2,1,1,0,0,1,2,2,0,1,3,3,2,2
"K00566",5,5,6,7,6,4,15,4,3,0,2,10,5,2,0,3,8,7,7,5
"K06969",2,1,0,2,2,2,5,0,1,0,2,2,2,1,0,1,1,3,2,1
"K01126",1,6,0,5,1,6,1,3,0,0,2,4,6,1,0,2,0,6,1,2
"K01524",2,2,4,2,1,2,3,2,1,0,1,1,3,1,2,1,2,4,1,2
"K03070",39,28,44,37,74,19,61,19,48,78,69,78,24,24,42,35,35,25,29,36
"K00859",14,10,4,50,76,19,51,1,8,69,111,103,26,18,64,41,1,14,8,6
"K03574",0,6,0,2,1,7,1,5,0,0,2,1,9,2,0,4,8,4,2,2
"K00962",1,22,4,141,292,49,170,3,6,233,351,251,75,45,225,134,4,41,4,4
"K03177",2,10,1,51,104,20,62,1,2,85,117,66,26,21,47,37,3,12,2,2
"K02834",100,95,150,104,303,48,317,58,163,89,312,267,56,35,102,81,115,117,102,117
"K01916",4,7,3,9,6,5,15,5,1,0,6,7,2,5,0,3,3,5,9,5
"K02759",1005,977,1485,1472,3578,106,1139,942,2255,1883,9274,2189,1562,950,1953,1467,1167,1140,1517,1154
"K02760",2819,3109,5596,1832,3729,140,2401,3620,9988,573,3612,3530,1494,1144,781,885,5827,4673,5381,5171
"K05799",2,3,1,2,1,1,1,1,3,1,0,1,16,0,1,1,3,10,1,1
"K00134",4804,3982,9113,4226,6015,841,4573,4858,17356,5001,4028,7934,2296,1919,2807,2915,6015,6791,5781,6746
"K00240",0,1,1,2,2,1,4,0,1,0,1,1,2,2,0,1,1,6,0,2
"K11741",3,6,0,4,0,6,1,3,5,5,0,0,3,12,0,3,7,6,2,13
"K03657",1,5,1,23,50,10,24,1,2,37,57,32,12,9,21,21,2,7,2,3
"K02800",1,2,2,2,3,3,4,4,2,0,1,2,3,10,0,2,6,1,5,3
"K03406",62,25,23,100,130,34,123,11,45,102,209,165,47,33,105,91,28,67,14,37
"K03752",3,0,1,6,1,2,9,3,2,0,1,1,1,0,0,4,3,5,1,0
"K01775",10,26,9,57,156,26,86,16,15,74,163,78,27,30,67,66,25,32,11,17
"K03832",4,3,1,18,44,6,15,0,1,26,49,26,11,15,31,22,1,2,2,1
"K01933",6,6,6,19,0,12,11,4,2,3,4,4,4,12,0,10,3,15,2,9
"K16788",11,4,3,6,4,1,11,0,2,0,0,8,5,9,0,1,5,9,16,4
"K03299",20,15,9,16,9,10,26,12,11,0,5,18,8,15,0,8,10,8,8,15
"K01356",13,10,11,10,7,9,35,7,4,1,11,23,10,7,0,3,6,9,13,11
"K00554",29,106,94,382,598,113,420,48,119,850,838,665,248,102,445,266,69,180,72,56
"K02884",416,548,938,804,1750,318,1519,402,1180,872,1630,1529,582,316,887,701,702,758,815,572
"K01972",60,46,50,70,155,40,114,41,74,154,210,159,51,29,151,113,53,65,50,39
"K00762",2,18,3,31,122,16,47,9,5,147,117,78,29,29,21,64,9,18,4,13
"K00945",32,47,40,52,137,38,103,23,48,69,125,107,57,34,65,55,41,60,57,34
"K03218",0,4,2,4,4,6,7,3,2,0,2,6,4,3,0,4,5,3,5,4
"K00939",126,196,184,411,612,159,681,87,177,642,645,676,161,146,292,311,153,233,197,171
"K00791",0,10,2,49,146,19,62,2,4,113,192,102,38,26,76,49,4,15,2,1
"K03666",10,7,8,21,5,2,33,6,12,5,11,1,8,6,23,7,14,15,4,10
"K00426",23,16,12,12,15,17,45,11,8,3,17,18,9,8,0,12,13,20,33,26
"K03561",1,28,1,185,349,57,221,4,8,378,476,350,83,57,356,205,10,45,2,6
"K11070",1,5,2,14,28,6,21,1,2,29,23,19,11,6,3,18,2,6,2,2
"K02838",44,74,66,243,499,106,368,27,73,385,690,424,189,84,562,256,43,123,41,42
"K02556",0,7,0,69,115,16,68,1,5,118,151,109,25,21,89,90,0,14,0,1
"K02557",1,18,1,99,115,25,73,2,5,192,194,174,40,23,76,106,0,24,0,2
"K06194",5,1,1,2,1,0,2,0,1,1,1,2,1,4,1,1,2,1,0,0
"K01738",1,2,2,2,3,2,5,1,0,0,2,3,0,2,0,1,1,0,2,1
"K03588",0,3,0,18,41,8,18,1,1,18,33,35,8,9,21,16,0,4,0,1
"K18979",2,2,4,4,1,1,1,1,2,0,0,3,1,1,0,2,5,2,6,1
"K04759",4,13,6,13,7,18,20,16,4,0,2,8,13,19,0,17,8,7,18,22
"K02033",5,25,6,106,169,37,117,6,10,529,174,248,54,43,265,216,8,27,12,11
"K01624",275,452,549,927,1218,309,1049,248,627,1778,1519,1558,416,300,622,827,426,501,525,441
"K02773",5,5,4,3,2,4,14,5,5,1,1,6,0,1,0,1,7,6,5,7
"K09800",0,3,0,16,31,6,20,1,2,18,46,34,11,9,15,20,1,4,0,1
"K03590",7,23,21,53,107,27,82,12,10,53,90,92,34,19,45,43,15,28,22,21
"K03531",156,127,248,123,176,39,153,143,365,138,187,242,73,46,84,114,281,145,226,187
"K02242",1,3,0,13,58,10,24,1,1,20,77,35,12,6,50,21,3,8,2,5
"K01649",2,2,0,2,2,2,3,1,1,0,1,2,1,1,0,1,2,1,1,1
"K00705",1,4,1,6,7,3,8,1,1,6,13,8,4,4,5,4,3,3,3,2
"K07029",4,9,4,4,7,4,11,5,3,0,2,7,3,2,1,2,4,5,6,4
"K03311",2,5,2,5,2,4,6,3,1,0,2,4,8,2,0,2,2,4,4,2
"K02387",0,12,0,67,89,20,54,1,5,73,118,127,25,15,77,63,3,19,0,1
"K02388",0,25,0,217,448,91,261,6,7,324,566,410,102,57,237,303,1,51,1,5
"K06217",4,3,1,4,2,3,6,2,2,2,4,4,3,4,3,2,3,3,7,5
"K02016",0,2,0,3,33,2,3,1,0,3,31,2,2,7,40,3,0,1,1,1
"K01243",8,22,11,63,103,29,66,7,6,106,117,105,33,18,120,74,16,16,8,9
"K03438",10,16,16,41,80,19,85,9,14,51,115,98,32,16,40,42,12,18,15,20
"K00287",3,7,4,7,4,5,11,2,4,0,3,8,3,4,2,2,5,5,13,10
"K08303",25,27,48,23,27,10,38,28,82,3,12,26,14,18,4,16,38,37,40,47
"K01928",1,12,1,77,166,29,99,2,4,131,182,124,31,25,131,82,2,18,2,1
"K03181",13,3,1,3,3,1,3,1,1,2,0,3,5,1,2,2,9,5,2,3
"K01803",31,121,49,311,350,107,347,26,39,886,491,513,142,95,249,287,33,96,77,55
"K00865",0,17,5,6,2,12,6,6,2,0,0,2,8,6,1,13,6,4,2,8
"K07566",8,20,13,27,27,17,36,7,8,18,34,43,17,14,13,19,14,17,11,6
"K16044",1,2,2,1,1,2,4,3,1,0,1,3,1,1,1,1,8,1,2,1
"K01823",4,2,3,1,1,3,2,3,1,0,1,0,3,1,0,2,1,3,2,2
"K03402",5,14,11,18,10,16,19,7,1,2,6,22,51,12,0,7,9,26,12,10
"K02837",1,2,2,4,3,2,5,2,0,0,2,3,2,2,0,1,0,2,2,2
"K06153",7,16,7,44,72,20,60,7,7,67,84,90,25,25,30,54,10,12,10,11
"K01485",4,1,2,2,1,1,4,2,2,0,2,2,1,1,1,0,4,2,4,3
"K03527",5,5,8,22,71,7,32,5,5,49,93,52,14,13,46,29,6,11,4,7
"K01962",1,5,0,35,66,10,41,1,2,80,94,55,31,8,52,50,1,14,0,0
"K02316",41,24,32,32,63,25,52,25,42,17,53,59,19,33,16,28,28,24,39,29
"K02860",5,165,11,436,1395,224,995,15,42,1172,1779,1225,681,229,1078,533,15,359,5,22
"K02959",30,1551,109,10488,13285,1733,9944,194,489,30045,26300,14597,3942,2203,18340,8362,257,2164,122,228
"K06223",0,154,7,103,103,52,114,11,7,145,34,82,38,215,60,88,7,19,6,12
"K02528",10,11,15,5,8,6,17,10,8,0,5,9,8,9,1,5,11,12,13,7
"K02031",7,17,6,67,106,23,74,4,9,340,114,147,34,22,269,96,7,21,10,5
"K15583",6,6,5,9,7,6,16,3,4,0,5,11,3,4,0,3,6,5,9,4
"K06861",0,16,0,96,204,31,109,1,7,310,229,161,44,31,167,135,2,25,1,2
"K09774",0,8,0,28,99,15,63,0,2,42,124,75,27,13,43,40,0,12,0,1
"K03474",4,14,1,91,169,34,74,3,4,322,146,152,37,26,165,102,3,27,0,1
"K01507",3476,1326,4097,620,1486,14,975,1425,5952,65,322,1913,369,322,202,251,2873,2558,3040,2524
"K01246",9,8,7,8,6,22,10,26,9,0,3,3,13,9,1,15,22,6,12,21
"K01223",1,12,1,224,38,23,108,3,2,871,25,459,39,1,78,191,2,46,1,1
"K06867",184,430,289,1287,3195,378,1301,198,440,3621,2841,2337,648,655,1934,1772,257,474,288,188
"K09001",2,2,1,4,0,1,3,1,3,3,1,5,0,1,0,0,0,2,8,5
"K06920",4,2,1,4,3,2,9,0,0,0,3,2,4,1,0,3,2,3,6,2
"K03925",4,19,10,7,4,19,28,15,8,0,8,14,28,13,0,11,18,25,18,16
"K04096",3,15,6,54,76,17,56,11,12,85,89,89,24,23,40,39,9,12,3,12
"K01595",4,6,12,32,7,9,24,7,15,1,8,10,4,4,12,8,7,5,5,16
"K00794",1,9,2,10,2,4,7,2,1,0,0,3,87,3,0,1,2,56,2,3
"K01752",55,12,9,33,30,15,30,10,11,67,46,39,15,22,25,29,9,32,11,14
"K04063",1,8,8,25,24,23,57,14,6,1,21,23,5,9,0,6,9,33,16,27
"K06023",70,30,81,16,20,9,30,33,88,3,6,30,7,10,3,11,49,30,70,40
"K04074",51,92,109,111,103,65,249,49,88,3,97,163,28,40,0,35,92,87,101,93
"K00857",41,52,89,40,36,28,28,54,160,0,12,49,27,35,6,28,79,68,88,79
"K03671",25,145,55,588,1595,204,723,44,39,2060,1708,673,363,156,1504,759,89,205,120,68
"K01190",8,3,2,4,2,1,4,2,5,1,1,2,1,2,1,2,4,3,2,1
"K18959",14,3,4,4,5,3,3,3,4,2,2,2,1,1,1,2,5,7,3,6
"K01621",30,55,52,54,50,37,129,21,33,1,43,88,16,23,0,17,39,38,74,53
"K03283",5,4,7,2,2,1,3,5,4,0,1,2,0,2,0,0,7,5,10,3
"K00793",6,1,2,7,3,3,4,2,4,0,0,0,4,22,0,8,3,11,2,3
"K03704",458,2542,784,1243,757,368,1964,314,448,8,609,1005,11838,244,18,256,764,10225,889,792
"K06204",10,144,8,749,2012,323,1497,8,54,1511,2451,1491,377,203,1047,859,22,263,3,30
"K00560",55,32,51,29,15,16,36,60,79,1,6,38,17,20,1,14,39,38,67,50
"K03565",1,3,1,7,38,6,28,2,3,12,62,33,8,6,16,11,0,12,3,0
"K02926",80,285,184,506,750,226,897,90,120,1488,744,790,295,182,670,463,148,328,237,169
"K00927",438,339,760,305,454,88,403,361,831,306,330,582,126,114,125,205,473,324,623,395
"K02004",11,62,17,231,401,82,299,15,21,890,419,476,120,77,391,294,18,78,15,28
"K02520",410,570,776,996,1419,464,1391,299,767,680,1854,1656,1641,282,599,502,413,1416,576,535
"K02876",229,331,405,507,722,209,931,160,456,655,628,841,392,157,402,365,329,467,445,357
"K22068",8,4,10,11,6,2,11,4,3,0,4,11,3,0,0,4,9,2,8,4
"K03086",7,35,11,137,232,63,198,9,13,205,322,274,91,48,176,176,9,60,14,13
"K06940",4,3,3,5,3,5,2,3,1,2,2,3,3,6,0,6,5,11,5,6
"K04077",25,74,38,186,387,81,265,21,34,349,294,292,76,92,110,174,34,68,55,44
"K02899",219,917,365,2691,2441,822,3101,174,397,5069,1262,3886,1848,278,1949,2098,360,1635,381,317
"K16509",37,48,58,80,87,57,163,31,36,1,42,75,19,34,0,21,54,45,75,61
"K02601",14,49,34,127,160,53,196,17,25,178,236,164,70,32,78,102,37,46,48,36
"K02946",347,1028,732,1716,3041,972,2979,265,599,2289,2735,2351,1775,632,1549,1364,395,1714,769,707
"K02945",70,125,93,238,360,95,416,43,47,407,406,380,192,83,221,192,66,135,122,86
"K00703",1,14,0,43,151,28,100,6,7,71,242,98,41,10,67,61,1,24,1,3
"K01810",20,52,32,61,87,32,134,19,21,139,88,96,27,27,38,54,31,30,49,35
"K02990",272,527,740,1281,2231,549,2082,301,550,1787,2654,2211,491,334,1122,913,398,628,649,482
"K02564",204,246,411,448,523,99,381,280,579,1175,867,947,252,152,398,612,392,382,416,269
"K21636",2,8,4,7,6,6,18,3,2,0,5,9,4,3,0,4,3,5,6,5
"K04068",1,10,9,12,7,14,17,14,2,0,5,5,11,21,0,8,14,2,8,8
"K03559",3,10,2,40,102,21,63,5,1,53,157,104,32,20,67,44,3,9,2,3
"K02405",1,21,0,106,276,45,136,2,9,219,264,230,49,34,220,129,1,27,0,2
"K02906",170,341,252,737,1237,341,1383,110,257,1750,1197,1131,282,281,776,691,176,340,318,244
"K02892",52,330,184,376,1312,293,1022,80,116,740,961,834,829,234,547,411,94,599,199,169
"K01626",9,19,15,22,16,14,35,9,7,0,12,22,10,9,0,7,18,18,26,10
"K02035",14,95,20,445,644,115,452,18,30,3433,846,984,293,126,2440,799,22,145,28,27
"K15580",12,26,21,29,29,21,65,11,13,0,23,37,10,11,1,10,17,18,28,23
"K10112",3,4,3,7,5,4,10,2,2,0,3,5,1,4,0,2,1,3,4,2
"K01735",1,6,1,2,2,2,4,0,0,0,2,2,42,2,0,1,2,30,1,2
"K00891",4,16,2,5,2,2,3,1,1,0,2,1,142,2,7,1,1,79,0,3
"K05540",3,10,4,48,96,23,64,2,4,82,75,80,29,14,51,52,4,17,6,6
"K02108",62,76,85,70,68,40,200,36,66,1,51,126,55,29,0,26,75,77,94,92
"K02113",63,113,125,104,127,82,307,49,77,0,100,164,57,46,0,31,114,104,141,109
"K01939",7,33,18,55,53,36,77,28,19,74,72,61,32,27,13,46,13,22,28,26
"K11069",1,3,2,2,3,2,8,0,1,0,2,2,9,2,0,1,1,6,3,3
"K00799",10,5,2,4,1,2,8,2,2,0,1,3,24,4,1,2,0,16,3,2
"K02356",30,152,60,371,978,187,577,32,40,875,930,531,332,186,494,367,65,262,77,74
"K01784",20,45,22,103,187,50,134,23,17,321,249,166,64,49,200,100,24,43,41,29
"K03630",2,50,10,14,3,7,2,10,2,2,4,3,218,8,1,7,8,185,7,15
"K06187",11,51,15,163,477,89,284,20,26,310,621,370,119,83,405,214,15,68,18,24
"K09747",45,207,37,1148,2715,404,1554,28,63,3496,3831,2269,549,361,3326,1421,44,310,34,58
"K00688",19,24,12,22,38,20,52,10,3,20,85,51,34,12,14,35,9,27,9,13
"K03625",23,32,21,45,46,27,131,7,11,0,37,59,106,13,0,20,27,80,32,36
"K02897",0,55,5,335,719,130,434,3,19,798,710,527,207,97,462,380,5,114,0,8
"K01489",1573,667,2082,424,585,18,607,945,2611,21,117,655,146,135,32,107,1600,851,1602,1328
"K16924",1,9,3,14,4,11,9,13,1,0,1,3,6,9,0,16,10,9,13,14
"K03217",14,38,35,69,136,42,152,15,28,100,152,158,41,36,61,72,28,45,46,39
"K02040",5,54,12,199,450,89,215,13,13,821,557,455,132,73,563,267,17,52,18,12
"K07040",31,128,42,62,42,33,107,24,34,1,32,67,717,32,9,19,38,646,58,52
"K00995",3,4,4,5,3,4,13,2,2,0,2,6,5,5,0,4,5,2,2,3
"K04069",0,7,2,5,4,3,5,2,1,0,4,5,27,4,1,2,4,11,3,5
"K00600",199,142,331,106,195,39,177,150,531,112,143,244,64,74,81,88,215,187,236,213
"K02406",10,1702,23,7608,10154,2274,8284,195,463,29212,16066,11148,3572,2768,25248,8683,69,2348,17,100
"K18189",23,51,38,76,117,44,147,24,26,92,116,113,34,37,21,55,30,36,53,51
"K02408",2,96,1,925,2009,200,959,14,28,3044,2422,1876,387,234,2243,1431,2,277,4,17
"K02357",74,219,154,791,1244,350,1073,81,202,1410,1261,1259,300,192,607,537,114,309,157,119
"K09022",16,102,16,763,1182,225,725,10,33,2340,1019,1104,297,175,1224,853,15,211,19,29
"K00942",18,40,16,85,182,41,128,18,14,96,165,137,58,38,105,85,21,55,33,25
"K14761",5,8,10,11,16,14,19,15,15,0,6,20,5,13,0,12,5,10,6,6
"K21908",1,2,1,4,4,3,11,1,2,0,2,2,3,3,0,2,1,5,2,4
"K03624",14,28,15,29,30,17,53,5,10,1,27,36,80,7,0,9,19,60,25,19
"K02437",0,13,13,9,8,16,22,11,2,2,9,14,5,7,0,7,5,12,5,6
"K06193",9,45,29,58,72,36,155,12,18,0,31,45,56,19,0,14,15,59,36,43
"K09888",2,9,2,6,2,10,8,3,8,0,1,7,118,13,0,6,9,52,5,8
"K00411",0,2,1,1,2,3,2,1,0,0,1,1,1,3,0,1,1,1,0,1
"K01493",1,18,7,52,114,30,53,5,5,91,108,71,40,26,61,52,8,11,7,10
"K03719",5,16,0,9,2,3,1,2,1,1,3,0,148,4,0,3,2,71,6,3
"K01839",1,6,3,6,5,6,8,3,2,0,3,5,5,6,0,3,2,3,5,2
"K03746",0,18,1,3,2,1,4,2,1,0,1,1,248,0,0,1,3,150,0,1
"K01737",2,6,1,6,3,3,8,6,0,0,0,4,12,13,0,3,0,3,1,2
"K00760",73,60,124,144,253,49,208,54,163,238,450,296,106,63,309,123,73,116,75,77
"K04751",1,1,7,4,5,3,8,0,1,0,5,6,4,4,0,7,0,1,3,1
"K06173",1,7,4,16,35,12,24,9,4,32,38,28,8,9,12,13,7,8,3,5
"K00940",3,18,19,26,32,25,67,6,9,0,16,34,24,17,0,19,17,29,9,7
"K06866",1,15,0,21,21,9,29,1,0,1,19,20,264,10,0,4,0,121,0,2
"K02503",41,200,57,1287,2758,620,2055,48,141,1069,3509,2066,778,407,3115,1351,49,513,38,83
"K07574",11,22,12,21,13,7,36,3,8,0,14,16,120,3,0,9,4,85,9,12
"K03530",176,301,316,318,330,169,717,151,186,11,304,445,338,128,0,86,315,418,333,285
"K00243",1,7,1,3,3,5,9,1,1,0,3,2,39,3,0,2,2,23,2,4
"K01759",0,2,2,1,1,1,2,1,1,0,2,2,18,0,0,1,2,7,2,2
"K02810",7,14,9,15,10,9,31,7,9,0,9,23,4,7,0,6,10,12,13,13
"K02530",2,5,4,4,5,4,10,3,3,0,2,7,2,1,0,2,5,4,7,4
"K03553",116,82,139,99,147,39,143,79,191,137,119,173,50,46,76,60,149,84,150,112
"K02886",200,450,392,876,900,393,1345,183,399,2195,777,1422,446,258,654,757,322,489,452,373
"K00948",106,106,132,160,244,65,267,65,164,214,282,279,71,63,166,123,114,90,143,112
"K00963",11,38,19,87,175,40,155,13,15,104,193,156,59,39,111,66,22,33,34,29
"K07482",61,197,126,154,107,188,259,167,53,9,74,170,105,163,1,124,148,99,159,186
"K01753",4,4,6,3,4,3,14,3,6,0,1,6,2,2,0,2,10,10,4,8
"K04564",13,163,15,587,895,226,798,13,49,2562,1538,1066,411,148,1639,779,16,246,22,20
"K09117",25,196,77,117,93,50,198,27,34,1,67,119,971,51,10,17,70,968,89,87
"K02039",12,33,15,147,363,81,248,8,15,289,450,264,77,59,467,188,15,66,20,24
"K00969",3,10,10,11,30,9,30,7,4,7,31,34,6,10,15,7,4,5,9,5
"K07560",0,23,10,63,117,26,91,13,13,108,132,111,21,24,71,64,14,17,19,23
"K03470",8,18,21,14,49,12,22,6,18,9,55,43,14,12,9,25,15,14,15,12
"K07450",4,12,4,11,6,11,20,9,6,0,1,4,7,3,0,9,10,7,10,9
"K09710",3,82,6,264,492,92,335,11,23,727,628,456,218,87,410,250,12,92,15,22
"K03151",316,136,431,50,81,11,107,143,577,3,24,137,37,37,9,21,368,157,319,246
"K01890",5,21,7,42,116,27,59,7,9,106,76,83,30,19,51,45,9,22,19,11
"K00873",329,384,482,543,1129,216,801,205,499,1918,1101,1016,330,293,1338,590,321,371,465,329
"K22736",15,26,29,22,31,26,79,17,18,3,25,33,12,23,0,21,21,42,28,53
"K02952",218,766,379,1353,2012,625,1936,155,351,3260,2192,2068,1694,612,765,1080,334,1150,426,358
"K00925",262,214,412,202,530,62,290,230,638,373,429,343,136,101,257,193,342,267,383,326
"K07009",10,20,16,15,14,12,37,5,9,0,13,21,6,6,0,7,11,4,18,19
"K00858",26,26,36,33,78,16,50,20,47,70,96,81,22,20,56,36,34,31,33,33
"K03595",39,18,44,19,26,11,56,28,43,0,10,32,14,8,3,5,30,39,31,25
"K03740",15,32,25,36,37,24,87,13,14,0,25,50,10,14,0,13,24,24,36,29
"K04487",4,12,7,33,51,16,53,4,6,41,61,68,18,8,43,36,7,11,11,8
"K02372",21,41,30,117,176,56,173,16,33,137,179,171,42,47,100,92,42,44,42,48
"K03739",11,13,14,19,14,8,37,8,12,0,10,26,6,8,0,6,9,11,13,14
"K02986",193,388,399,730,1141,348,1233,158,311,750,1133,1174,451,225,446,445,258,476,422,323
"K02825",9,24,14,13,19,19,44,25,15,3,17,18,6,9,6,9,19,15,14,20
"K02967",89,249,149,668,999,316,1006,67,111,642,1091,917,299,212,447,375,146,261,200,161
"K01951",16,33,24,85,120,39,115,16,25,155,168,162,41,33,65,63,25,40,43,36
"K05808",46,55,58,70,73,47,185,21,28,1,60,90,20,38,0,33,44,54,88,56
"K01426",58,43,66,70,127,41,144,24,58,70,103,123,29,32,75,50,43,41,58,53
"K01889",11,31,32,68,119,39,111,22,29,143,107,114,33,27,42,50,20,37,28,35
"K02343",2,25,2,111,233,50,131,8,10,305,282,262,65,48,172,156,5,36,3,11
"K12574",116,100,177,60,72,32,145,97,190,1,50,134,30,30,4,32,146,101,164,141
"K01005",15,36,38,41,28,36,81,26,9,0,24,63,18,27,0,27,34,25,33,40
"K00208",8,57,9,299,497,101,341,10,22,1279,477,462,114,68,443,376,14,87,7,11
"K09787",3,9,9,10,8,4,11,8,6,0,7,10,9,12,0,4,3,11,26,17
"K03551",10,13,7,32,38,15,32,8,17,46,46,52,12,14,18,20,11,15,9,6
"K07149",5,10,8,12,7,7,22,8,10,0,5,12,4,5,0,7,6,9,10,10
"K01868",11,31,22,66,78,32,97,10,14,111,80,90,44,30,38,53,22,42,30,26
"K03544",6,28,11,99,183,39,128,10,11,137,296,195,78,29,79,109,10,63,17,16
"K02996",702,788,1064,1254,1951,508,2130,477,1131,1343,2278,1953,497,371,1070,835,937,944,1132,825
"K03584",11,15,4,35,129,23,75,11,7,61,155,126,31,12,73,55,2,17,7,9
"K03685",27,38,55,70,168,28,94,21,69,101,124,123,41,33,97,68,33,44,64,31
"K01448",10,16,6,57,116,32,81,15,21,87,125,118,55,20,111,51,10,21,5,18
"K00425",11,12,14,12,9,12,28,7,7,0,6,21,9,18,0,12,9,20,21,14
"K00558",0,19,3,70,178,28,91,8,3,183,267,151,47,33,143,80,14,16,14,26
"K02414",0,13,0,58,142,21,75,1,3,100,214,131,35,20,52,106,1,23,1,2
"K03601",16,18,14,46,75,24,58,6,8,133,82,90,22,23,76,51,11,22,11,11
"K06958",4,10,13,6,7,7,25,11,4,0,2,9,4,8,0,7,11,14,7,8
"K07304",3,39,8,155,307,64,215,13,15,402,408,319,95,53,227,232,12,34,9,17
"K01915",19,46,30,45,39,23,102,11,28,4,29,55,17,31,2,29,23,30,40,41
"K01783",2,7,6,7,4,5,12,6,5,0,7,8,7,6,1,3,8,5,6,9
"K01462",29,53,78,81,169,46,109,55,128,94,133,156,56,42,69,64,68,89,72,60
"K02874",335,913,592,1638,2112,680,2557,265,688,3647,2406,2436,1201,596,1174,1173,436,1028,634,515
"K03310",3,5,3,18,40,8,24,1,2,66,41,51,17,15,50,42,2,8,1,3
"K03320",9,8,5,7,2,9,12,10,5,2,3,4,3,11,1,4,8,6,5,8
"K00980",8,11,8,5,6,7,24,6,6,0,13,15,7,1,0,7,7,8,6,12
"K00790",7,20,8,58,92,25,65,8,10,99,104,81,30,19,58,46,10,20,18,12
"K00820",6,17,13,13,16,10,36,11,11,1,13,22,7,5,1,6,17,18,18,18
"K09155",2,8,7,14,9,11,19,3,1,0,5,9,4,6,0,6,7,4,8,4
"K01921",3,20,14,47,116,26,79,8,14,47,123,86,27,23,78,47,15,19,24,20
"K01262",1,2,1,2,1,1,5,2,1,0,1,3,1,0,0,0,0,2,2,4
"K07105",1,6,5,5,4,6,11,5,2,0,8,8,2,2,0,4,4,1,8,5
"K07273",10,37,17,28,12,40,35,30,7,0,12,18,23,42,0,26,24,14,20,23
"K19005",5,10,9,8,7,9,27,5,5,0,7,11,3,6,0,6,11,7,8,8
"K02793",4,7,7,8,7,7,19,10,6,0,6,11,3,6,0,4,14,9,12,11
"K03110",1,2,6,5,2,3,5,4,2,0,1,7,6,6,0,3,4,2,4,4
"K03521",3,6,8,11,5,8,18,8,9,0,7,13,3,4,0,8,2,10,5,6
"K03713",25,48,68,52,48,37,99,24,30,0,38,66,13,18,0,20,34,44,61,55
"K03569",15,45,13,156,307,71,173,22,19,424,298,251,76,55,228,181,22,57,27,31
"K07078",8,2,4,11,15,8,28,8,3,0,8,20,3,2,0,7,6,7,11,12
"K03709",3,13,11,11,7,12,29,5,1,0,8,11,7,13,0,6,3,6,17,8
"K09761",13,18,9,50,90,18,47,7,7,45,85,80,23,26,33,45,4,22,10,4
"K23675",6,12,7,4,3,8,16,6,3,0,5,10,6,2,0,4,6,4,13,10
"K01689",2535,2070,4596,1965,2225,340,1863,2595,8131,2914,2388,4200,874,780,1212,1491,4631,2456,3124,3950
"K02888",685,938,1355,1689,3154,742,3135,567,1656,1401,3183,2804,1378,469,1514,1191,963,1694,950,1051
"K03466",4,27,15,48,65,25,58,16,7,58,90,89,23,14,36,59,11,25,17,14
"K04079",0,8,4,7,6,11,22,0,0,0,7,4,5,6,0,6,1,3,4,2
"K00954",11,32,18,105,218,34,113,15,16,337,271,239,51,46,208,117,11,21,17,18
"K02114",68,116,118,112,108,78,311,53,80,3,92,189,77,41,0,37,128,129,130,117
"K17810",2,7,5,7,3,3,17,1,1,0,4,6,1,1,0,0,3,7,7,2
"K07491",4,18,6,12,8,20,29,8,4,1,9,8,10,18,0,17,8,9,11,16
"K07030",45,40,57,67,150,38,127,24,58,138,166,137,43,38,108,71,52,43,53,47
"K07052",0,12,10,16,5,21,23,18,5,2,1,11,19,8,0,19,15,15,18,16
"K01779",0,4,2,11,5,3,13,5,6,0,3,8,3,7,5,1,5,4,9,5
"K01653",3,3,2,4,2,2,11,2,3,0,2,6,1,1,0,1,0,2,1,4
"K01575",11,13,10,15,6,10,31,12,4,0,9,13,12,0,0,5,7,21,15,20
"K01409",24,28,35,66,98,31,83,25,45,83,114,125,37,28,62,60,25,43,21,20
"K03449",3,5,6,6,4,5,9,4,1,0,2,4,2,4,0,4,8,4,4,5
"K02029",19,59,25,130,247,67,195,26,17,210,344,266,78,52,196,138,36,47,29,29
"K00759",112,79,182,68,147,35,135,76,182,87,117,150,41,32,43,54,99,95,120,104
"K00943",81,54,148,38,98,25,82,49,188,45,101,134,29,28,55,43,79,77,81,88
"K15539",298,39,37,119,202,43,145,27,49,143,218,171,51,41,148,113,85,42,32,25
"K02160",14,16,11,30,16,15,49,17,10,2,11,29,10,6,5,12,26,16,22,17
"K18672",166,122,339,53,131,17,88,179,447,18,36,172,41,42,19,39,132,159,198,208
"K01881",35,38,70,103,156,37,119,32,88,364,172,184,48,35,149,122,46,48,59,46
"K03650",9,12,16,17,29,11,31,14,18,20,35,28,11,13,8,18,13,12,16,10
"K03700",4,15,18,20,18,14,31,12,7,0,10,26,5,15,0,8,13,11,25,15
"K02314",9,56,13,185,397,78,235,20,19,429,438,310,112,83,190,206,24,63,19,45
"K13052",14,27,20,35,29,26,46,16,18,0,21,36,16,15,0,13,22,20,31,26
"K01937",177,102,235,68,138,37,139,100,295,57,92,186,63,45,48,53,157,155,138,144
"K06904",2,13,7,8,5,21,13,17,8,2,2,5,8,11,0,10,14,14,11,9
"K00616",1,5,2,1,1,1,4,1,2,0,0,3,4,1,1,0,4,1,9,0
"K00033",40,69,67,65,54,37,137,27,50,1,49,92,21,24,0,18,60,49,87,61
"K05896",12,14,8,33,106,22,76,10,9,57,126,103,24,16,56,37,8,20,13,10
"K03621",141,87,204,84,152,29,118,81,262,47,91,174,43,32,47,58,159,134,180,121
"K02859",3,4,5,4,5,3,7,4,3,0,1,3,4,0,0,2,6,4,2,3
"K03799",6,8,5,8,4,5,15,3,3,0,2,5,9,6,0,4,6,6,5,7
"K03816",1,10,4,13,17,11,28,7,7,35,21,29,7,6,14,17,3,8,6,7
"K23775",11,15,20,25,18,28,45,23,12,0,17,34,13,9,0,18,18,12,27,23
"K03497",12,46,10,224,345,84,265,12,17,295,407,339,97,48,175,236,12,91,21,27
"K01953",6,23,17,17,13,14,34,16,13,0,12,22,12,11,0,8,18,13,23,19
"K03216",5,13,10,17,16,10,24,8,6,4,6,14,8,20,4,8,24,10,15,13
"K01421",1,6,3,6,5,10,18,9,2,0,2,3,7,5,0,3,9,6,5,11
"K07082",20,18,15,33,60,22,59,12,6,46,61,59,18,17,23,41,14,21,13,17
"K02238",3,15,7,13,5,22,18,16,6,2,7,5,5,21,8,8,29,9,4,16
"K01802",0,4,1,4,1,1,5,1,0,0,1,1,10,5,0,1,1,9,3,0
"K15051",0,7,3,3,1,11,9,8,2,0,0,3,6,4,0,12,5,5,8,5
"K00763",3,12,14,16,14,18,27,21,10,0,6,22,14,11,0,11,9,16,13,15
"K23393",4,11,3,7,9,7,17,5,2,0,7,12,4,8,0,3,6,3,8,6
"K01495",5,6,5,12,5,10,16,4,2,0,5,7,15,7,2,7,9,10,4,5
"K03781",0,7,0,7,3,10,3,8,3,5,1,2,1,1,0,3,0,9,3,7
"K04083",2,10,7,12,6,6,21,8,5,0,4,12,12,7,1,15,7,11,9,10
"K07462",15,27,25,63,84,40,82,13,9,118,85,128,30,47,61,73,28,27,8,21
"K09903",32,50,75,83,109,41,130,45,103,139,131,159,46,50,46,68,72,60,75,50
"K01926",17,16,20,26,23,20,57,8,14,3,18,38,6,14,0,9,20,11,22,25
"K03705",41,33,54,35,38,20,84,25,45,0,21,46,10,16,1,14,25,32,59,50
"K01854",53,64,82,31,55,26,63,51,100,4,21,67,20,23,1,26,74,63,97,63
"K03048",14,33,24,32,36,22,93,14,16,0,24,52,7,12,0,13,27,27,38,36
"K06949",12,17,10,47,69,19,48,16,11,90,89,69,24,20,17,42,16,16,6,14
"K00919",1,9,7,29,42,16,34,9,7,26,47,44,13,21,55,24,2,7,3,8
"K07486",3,37,19,27,13,46,33,23,9,8,8,17,20,47,0,29,18,14,23,21
"K01239",11,32,35,29,24,28,59,16,12,0,18,38,23,21,0,25,24,18,34,29
"K01424",22,27,11,19,9,22,20,17,4,1,5,8,6,26,0,10,8,8,12,24
"K11749",4,43,6,120,330,51,167,10,12,357,293,211,74,69,157,161,9,41,12,11
"K01887",210,195,497,116,213,40,191,205,612,80,106,264,98,43,145,85,407,333,283,356
"K06967",2,0,1,4,1,4,1,3,0,0,1,1,1,5,0,3,1,4,4,4
"K21903",8,1,1,1,0,2,8,5,0,0,0,1,2,4,0,2,5,5,6,4
"K03575",0,5,3,23,44,9,22,4,2,43,27,37,9,8,20,30,1,5,5,3
"K03427",103,63,166,31,53,14,59,85,291,0,20,102,36,39,20,27,107,86,122,143
"K07455",0,5,1,2,1,5,3,5,2,0,1,1,2,5,0,3,1,0,3,6
"K01633",0,7,2,3,2,5,2,12,2,0,0,1,9,2,0,4,7,7,4,13
"K07335",11,14,8,10,13,14,37,15,8,0,8,13,10,8,0,14,8,12,11,21
"K22522",7,6,7,11,7,14,15,7,5,3,1,6,11,1,0,7,9,4,12,8
"K01940",10,6,5,10,8,11,18,12,4,0,2,6,6,9,0,3,15,9,7,9
"K07271",2,11,4,7,4,6,16,9,5,0,3,5,5,7,0,4,4,7,8,11
"K03092",1,8,0,9,42,12,20,5,4,4,44,31,17,13,15,21,3,7,2,8
"K03744",12,23,14,27,24,23,70,20,12,0,32,35,13,16,0,15,21,24,40,22
"K07090",9,25,11,98,195,51,108,22,12,234,206,123,52,35,109,158,21,32,9,32
"K07584",216,449,353,937,2502,717,2471,139,367,1426,2551,2072,627,469,1075,910,261,506,395,318
"K00950",4,3,14,15,4,9,7,6,2,1,2,6,8,14,2,6,4,8,8,10
"K01785",3,19,10,17,12,12,26,10,6,2,4,22,10,8,0,9,13,10,11,17
"K02042",3,7,11,7,3,6,3,10,4,0,1,7,4,6,0,5,8,6,4,14
"K09772",13,29,24,39,24,26,64,13,8,0,27,43,14,15,0,8,24,30,32,25
"K07171",19,68,46,49,36,92,91,44,29,6,29,39,245,38,0,57,47,44,61,53
"K06442",1,8,5,9,3,10,15,15,5,0,7,8,8,7,0,5,12,10,5,8
"K02956",111,302,349,886,1886,341,1601,142,240,1246,1842,1646,760,200,990,733,255,783,328,251
"K16923",4,7,5,5,9,6,14,2,4,0,5,12,2,3,0,6,6,2,6,5
"K03570",16,41,15,158,355,66,233,13,17,262,347,264,76,67,215,147,15,42,15,27
"K00783",4,15,4,6,6,11,7,7,1,0,6,3,37,5,0,6,4,17,12,7
"K06181",3,2,1,1,1,2,4,1,0,1,0,2,1,2,1,1,4,1,2,1
"K07586",12,22,20,25,28,20,70,13,20,1,26,41,8,24,0,11,23,18,29,28
"K06346",6,10,4,7,7,6,14,1,1,0,4,5,2,2,0,2,1,3,4,5
"K04047",26,55,56,62,68,47,163,28,26,5,58,79,24,32,0,30,44,48,63,58
"K07035",3,6,8,5,3,5,8,4,2,0,3,8,2,9,0,5,4,4,5,12
"K07006",0,4,6,6,5,6,11,5,6,0,6,9,3,5,0,2,5,5,7,8
"K02030",18,64,16,284,675,101,422,15,24,901,1004,606,155,90,721,373,20,86,27,24
"K01809",0,30,5,148,274,41,115,4,11,622,340,313,91,51,199,224,3,39,8,10
"K00789",403,205,609,190,345,56,293,187,667,160,269,452,87,143,145,177,431,230,423,332
"K19271",9,12,4,11,2,8,5,4,5,3,1,3,3,4,4,3,11,3,5,2
"K11904",5,3,2,4,1,0,4,1,1,3,0,1,1,3,0,6,2,3,5,3
"K00574",14,15,9,11,8,13,35,7,12,1,6,14,4,5,0,7,12,15,10,11
"K01358",30,86,46,224,385,110,302,36,44,392,568,430,134,81,201,263,68,100,64,68
"K02428",4,7,4,17,23,9,28,6,4,18,43,27,12,5,6,13,2,9,5,7
"K00215",4,8,6,6,3,6,10,1,4,0,2,5,5,6,0,5,4,4,6,5
"K08316",4,7,5,44,67,15,39,2,1,88,89,87,19,14,36,33,9,10,5,6
"K03648",86,58,117,29,28,8,9,64,190,1,7,35,36,18,18,23,186,64,112,79
"K00895",0,12,1,58,111,21,57,0,4,254,141,115,32,21,117,73,0,18,0,1
"K01265",38,43,79,71,126,22,79,23,93,158,128,155,44,39,84,89,57,97,52,47
"K02939",15,78,16,202,533,60,327,13,15,574,772,351,352,79,368,222,18,259,16,19
"K01372",16,25,23,26,19,21,54,28,10,0,12,38,13,30,0,16,15,16,54,25
"K01160",0,12,1,7,12,16,7,21,2,0,3,6,9,13,0,12,11,2,13,19
"K08591",4,10,4,32,93,21,44,5,9,62,49,56,13,17,23,38,6,10,6,7
"K03536",49,55,91,51,84,31,126,47,62,9,72,110,43,34,10,27,38,56,71,46
"K05810",16,4,7,3,13,3,7,1,2,7,16,10,12,3,8,10,3,14,1,0
"K02034",8,21,5,55,76,19,57,3,4,308,70,119,32,20,147,78,8,14,7,7
"K00850",21,37,26,36,30,20,71,15,19,0,25,57,40,15,0,12,28,45,41,30
"K06006",5,3,1,1,0,1,2,1,2,1,0,1,7,1,2,0,1,2,1,0
"K03628",2,11,2,30,64,15,37,3,6,53,70,60,33,13,15,30,4,20,3,6
"K06199",0,27,9,60,344,37,119,8,4,74,367,101,89,35,143,87,4,41,16,11
"K07058",2,8,5,9,7,7,31,7,6,0,5,7,3,6,0,6,12,8,9,6
"K07495",4,7,7,9,5,18,10,3,6,1,4,7,17,18,2,11,6,6,8,7
"K01297",13,4,5,5,1,6,4,3,4,0,2,7,4,8,0,2,7,0,4,2
"K07165",53,10,22,25,10,5,26,6,10,1,2,9,1,3,17,10,2,16,10,8
"K07172",5,8,5,3,0,7,0,4,2,0,1,2,4,8,0,3,15,0,2,6
"K02887",136,849,240,3620,9136,1202,4231,154,250,8775,11501,5079,1953,1610,7057,4595,182,1157,315,254
"K04075",0,5,1,21,35,10,33,3,3,27,78,43,13,9,67,16,1,6,1,3
"K02948",85,365,143,1162,1952,444,1617,103,134,3066,2293,1851,754,383,1913,1102,129,484,188,157
"K03973",0,14,10,14,5,15,20,7,3,0,8,11,5,11,0,16,8,10,6,20
"K02066",0,13,0,67,159,26,93,0,4,150,129,118,30,19,75,95,0,19,1,2
"K01251",9,3,5,10,11,4,34,2,5,0,7,8,0,0,0,6,1,5,9,7
"K07404",7,11,8,6,6,7,18,4,4,0,5,12,2,4,0,5,13,4,8,4
"K02078",193,831,305,1457,3147,876,2105,449,305,2910,4413,2711,752,934,1427,959,601,940,392,237
"K02687",0,8,6,8,6,4,7,6,6,4,1,4,14,9,0,2,4,13,12,6
"K07287",5,2,1,6,5,2,4,2,1,3,0,4,10,1,0,4,0,7,0,1
"K07793",4,3,4,1,4,1,5,1,5,0,0,1,0,1,0,0,2,2,1,5
"K10806",0,2,2,3,2,3,1,2,10,0,0,0,8,3,0,4,1,7,1,2
"K07481",10,7,5,11,6,7,9,8,10,4,1,5,2,11,0,8,10,7,6,8
"K01866",17,54,37,127,225,50,154,27,51,346,314,238,76,56,188,137,38,49,42,40
"K01875",35,51,64,96,194,47,135,33,82,139,175,151,61,44,129,101,58,64,55,41
"K03642",10,14,0,82,110,29,82,4,5,143,153,163,35,16,74,118,5,32,5,4
"K06287",2,1,5,1,5,4,4,1,0,1,0,2,3,2,0,3,3,1,2,2
"K09861",1,5,1,1,1,1,0,3,1,1,0,2,5,1,0,2,0,6,1,2
"K01159",6,8,3,59,91,13,57,2,8,110,94,110,27,12,53,68,1,19,1,11
"K11753",1,7,3,7,38,6,15,2,2,7,28,19,13,4,9,12,5,9,4,3
"K08305",2,0,5,3,3,1,6,1,2,0,0,3,3,0,3,8,2,4,5,4
"K06201",5,16,21,21,11,11,41,8,5,0,8,34,10,1,0,5,12,3,21,17
"K01056",21,85,29,543,1064,192,658,21,44,1623,1254,971,260,135,1198,589,18,124,19,32
"K01807",7,21,21,15,8,14,30,10,5,2,9,24,9,8,0,10,22,14,12,10
"K03111",104,229,195,482,653,248,811,83,132,756,740,766,240,194,235,370,139,237,245,208
"K01304",0,9,0,34,84,16,38,1,9,59,88,77,30,9,92,47,0,15,2,4
"K02909",774,2760,1541,3767,4409,1220,4383,772,1338,6128,6857,4664,6679,1181,5688,2369,1129,6478,1460,1262
"K07015",1,3,7,8,6,3,15,7,5,1,9,8,2,1,0,3,3,4,8,7
"K02398",3,176,15,1426,3158,318,1872,18,46,2098,5210,2949,573,337,2344,1730,13,584,2,22
"K00286",9,18,10,22,12,16,25,6,9,0,8,13,10,12,12,10,12,11,18,11
"K04485",12,38,12,70,81,35,72,25,10,106,127,105,39,47,75,69,24,20,17,24
"K08309",7,15,1,88,234,36,115,2,5,215,260,186,56,37,126,119,0,26,0,2
"K02879",214,491,365,1281,2992,512,2595,167,285,1973,3216,2229,774,385,1779,1359,266,754,460,310
"K02065",0,22,0,128,300,55,185,1,8,252,310,215,65,34,133,157,3,41,1,3
"K03522",4,2,5,1,1,1,5,4,1,0,1,2,0,1,2,2,6,3,1,3
"K06133",12,29,19,18,21,22,75,22,36,1,13,31,8,18,0,13,37,26,26,33
"K06075",1,0,3,3,3,2,9,0,1,1,0,2,1,1,0,4,3,6,2,1
"K03734",9,28,13,47,105,38,71,26,6,69,132,76,30,38,83,63,10,20,17,19
"K00053",6,6,7,8,8,6,11,7,2,0,2,9,2,2,0,5,2,14,6,2
"K01776",5,17,4,37,90,20,76,9,6,40,112,95,20,12,78,46,4,16,10,10
"K02519",8,34,14,96,294,42,153,7,14,209,274,169,69,41,105,111,13,41,19,11
"K01885",6,31,14,77,142,36,98,10,10,169,142,135,36,34,92,75,16,26,21,14
"K03797",3,22,3,117,242,36,134,3,5,462,310,212,70,35,236,123,2,27,1,5
"K06973",1,12,1,91,167,29,88,1,2,284,170,162,45,32,135,102,1,13,4,1
"K06167",0,7,0,29,73,10,37,1,2,83,97,81,25,12,38,43,1,9,0,1
"K19302",6,6,2,6,21,6,13,2,4,9,21,20,7,3,8,11,4,4,4,2
"K02334",2,9,4,2,1,6,1,4,1,3,1,1,3,2,0,1,7,4,6,7
"K12132",3,5,5,5,6,5,13,1,3,0,6,8,2,2,0,4,5,5,6,5
"K03655",2,3,1,24,43,7,28,0,2,23,54,44,10,5,13,24,0,5,0,2
"K00077",3,5,2,3,2,4,6,3,1,0,0,4,2,3,0,4,6,3,2,3
"K01520",7,24,14,72,101,54,82,23,7,153,109,104,42,54,68,70,35,16,14,17
"K07240",12,2,1,8,16,4,20,1,0,7,25,14,4,5,7,6,3,6,1,2
"K06997",8,10,4,24,54,13,33,3,4,20,56,46,11,11,19,20,6,8,7,4
"K04072",12,23,19,25,19,14,46,9,10,0,17,31,25,11,0,8,16,22,29,21
"K07474",2,2,1,3,2,5,7,0,3,0,1,1,2,0,0,2,5,3,4,2
"K02469",18,17,36,10,11,4,13,18,48,0,6,17,4,6,2,5,30,18,32,27
"K03168",2,12,3,42,85,15,52,3,4,80,93,77,30,12,51,33,3,14,4,3
"K01961",2,4,3,3,4,3,10,2,4,0,1,6,7,2,0,1,5,5,3,5
"K05592",12,47,18,199,413,84,270,13,24,381,441,380,110,57,326,221,18,69,30,25
"K00059",7,14,7,37,52,18,64,6,10,35,41,59,28,13,29,35,13,23,12,7
"K01893",6,11,9,11,10,9,26,5,7,0,7,14,13,7,1,4,10,13,9,9
"K15986",9,24,20,29,28,16,62,9,12,0,20,35,14,7,0,10,16,19,25,20
"K03101",14,17,9,90,340,38,130,4,9,376,316,174,80,51,327,187,1,42,2,12
"K03089",0,2,0,1,3,2,7,0,1,0,1,3,15,3,2,2,2,4,0,1
"K21395",0,33,0,514,321,22,168,4,3,1543,966,942,225,96,292,450,1,76,0,1
"K01118",1,5,2,2,2,6,5,2,0,0,0,1,4,1,0,3,2,3,0,3
"K10947",0,5,2,8,1,4,2,3,2,0,1,3,1,3,0,4,5,2,3,4
"K02111",75,158,127,135,106,98,275,85,72,2,88,185,64,83,1,56,114,110,180,144
"K02132",2,6,5,5,5,5,14,2,2,0,5,11,2,1,0,1,3,5,9,4
"K02518",297,781,545,900,1035,321,1573,410,636,660,984,1238,2375,312,298,471,674,2232,542,602
"K01876",4,20,11,101,175,41,109,6,13,156,173,154,43,33,94,74,13,24,9,10
"K03407",1,2,0,11,29,5,15,0,1,19,31,24,6,5,8,16,0,3,0,0
"K03412",0,7,2,30,65,11,40,2,1,68,85,60,14,9,24,37,1,7,0,0
"K02988",115,298,227,699,995,266,917,105,295,1988,1202,1049,493,239,854,636,187,421,222,216
"K03589",3,4,4,5,15,4,10,3,1,1,16,11,15,4,12,7,3,9,7,5
"K02994",229,657,413,1214,2443,626,2283,183,359,2266,2401,1788,612,572,1066,1184,285,722,482,431
"K03596",2,27,3,153,249,60,150,5,7,279,366,249,75,53,135,122,5,45,4,4
"K01870",2,14,6,51,105,20,65,4,6,136,116,103,25,19,72,53,5,16,8,7
"K04562",0,11,1,57,218,29,78,2,4,152,162,124,36,31,106,115,0,23,3,1
"K02390",0,10,0,74,116,18,70,1,4,157,176,124,36,16,58,87,1,20,0,0
"K08483",30,77,52,172,159,67,216,29,38,357,268,304,87,55,70,156,58,81,80,57
"K03665",3,17,3,54,113,24,62,6,4,141,159,120,44,29,108,92,6,23,3,8
"K06207",29,53,46,59,56,31,133,23,33,1,45,85,38,26,0,18,45,45,62,53
"K03100",7,30,13,111,260,47,155,11,13,322,295,221,70,44,224,146,14,34,16,16
"K03545",83,127,123,166,360,90,373,69,138,171,339,296,114,70,121,119,118,151,156,121
"K04078",57,268,47,1279,3386,400,1543,65,95,1826,3978,2290,405,356,2384,1221,37,395,105,61
"K03798",4,23,8,60,121,24,79,7,8,163,132,110,61,20,74,67,8,40,12,10
"K06942",1,23,1,90,203,32,102,3,4,242,209,145,40,45,158,91,2,24,3,4
"K03558",2,16,2,128,202,31,181,3,5,199,399,278,64,28,137,197,0,36,1,2
"K00656",1,7,3,6,5,4,9,2,1,1,4,6,22,4,1,2,3,12,4,2
"K07042",6,31,15,52,130,42,232,10,25,73,356,172,72,18,214,91,14,42,11,13
"K01443",25,39,47,125,207,33,90,24,56,374,646,224,94,65,176,152,22,56,31,35
"K03977",5,17,6,55,87,26,68,7,8,85,103,111,28,17,71,55,9,15,10,9
"K01619",317,442,628,185,418,30,290,495,1106,100,114,310,107,82,74,98,632,575,760,427
"K06178",3,2,2,5,4,4,6,2,0,0,2,4,8,3,0,2,1,4,2,1
"K06180",0,10,2,56,111,25,53,3,3,96,97,85,30,18,55,46,3,11,6,4
"K02871",278,461,465,583,903,324,969,236,408,727,849,950,577,164,493,351,352,642,467,322
"K02417",0,43,1,199,395,83,231,5,10,412,562,393,111,73,284,302,2,62,0,3
"K02407",0,12,0,55,120,21,61,1,1,99,170,115,37,27,80,67,1,16,0,1
"K03439",13,29,16,95,223,42,154,12,11,159,211,183,73,21,267,104,14,38,15,17
"K03075",5,81,1,272,692,89,420,2,13,345,1215,585,522,82,520,298,2,378,1,5
"K03687",25,65,26,265,582,93,348,25,36,599,575,544,163,89,226,354,36,124,32,40
"K18951",3,2,3,4,1,1,3,0,2,0,1,2,1,2,1,1,3,3,1,2
"K13993",92,174,144,212,334,194,588,60,52,2,233,244,66,111,0,86,71,156,156,140
"K00459",3,8,3,7,4,5,4,7,3,0,2,2,5,4,0,5,6,4,4,5
"K07407",5,13,9,9,9,10,21,10,9,0,8,17,4,9,0,4,9,7,11,10
"K03088",9,40,1,136,264,55,261,3,9,271,488,351,140,39,169,163,5,67,0,7
"K02867",399,711,994,769,1444,343,1213,486,1165,838,1148,1263,689,376,417,517,848,738,775,731
"K20276",12,19,15,36,37,19,77,5,5,0,24,35,8,8,0,7,14,35,22,23
"K09749",0,10,0,39,145,19,57,1,2,107,141,90,25,16,89,65,1,11,0,1
"K07107",3,18,0,118,234,44,104,1,6,258,316,217,57,44,228,119,3,22,1,1
"K04762",3,11,2,97,279,32,103,1,5,96,262,134,45,32,139,90,6,14,3,3
"K09013",32,67,59,206,586,86,305,48,81,726,474,288,81,64,139,216,63,98,51,46
"K09762",25,21,30,12,14,10,15,24,39,1,4,27,7,12,0,10,22,20,22,22
"K06911",9,0,3,4,1,2,10,2,13,5,3,3,0,4,0,2,7,3,1,5
"K21929",4,6,2,16,22,6,12,2,6,32,20,24,6,10,10,12,7,5,3,5
"K00981",4,15,7,55,167,30,109,3,7,80,243,122,44,25,113,70,6,26,2,8
"K07568",1,15,12,30,74,16,44,4,8,55,79,74,22,19,55,35,6,11,10,7
"K03525",0,14,0,72,143,22,82,1,4,212,155,135,46,23,88,82,1,17,0,1
"K01185",9,9,4,26,8,12,24,5,7,30,10,29,5,34,2,33,23,11,15,18
"K03593",0,6,2,52,83,11,40,0,2,262,124,105,25,18,90,54,2,13,0,1
"K06211",1,2,1,2,1,1,2,3,1,0,1,1,1,1,0,1,2,1,1,1
"K09936",0,9,3,15,2,13,2,11,0,5,0,3,8,11,0,14,8,2,5,12
"K02435",5,13,21,43,55,31,89,11,12,0,20,38,13,15,8,22,5,20,30,16
"K11477",10,1,2,2,4,3,6,4,2,1,1,3,0,5,0,1,5,2,3,2
"K01635",2,5,4,5,6,4,15,3,5,0,3,9,2,1,0,2,7,5,5,5
"K02770",6,19,5,76,157,30,83,4,9,302,170,126,40,28,165,110,5,22,7,7
"K06909",3,17,6,7,2,11,6,7,6,5,1,4,6,5,1,4,18,8,12,16
"K07146",2,24,2,155,336,45,170,4,8,400,469,285,80,52,167,152,2,40,3,8
"K00831",1,4,3,5,4,4,12,3,0,0,3,5,4,3,0,2,3,3,4,2
"K10563",2,2,1,1,3,1,2,4,3,1,1,2,1,0,0,0,4,3,1,4
"K03495",12,18,18,43,62,17,43,14,17,93,70,80,24,20,29,40,14,19,15,18
"K01704",3,3,2,5,2,3,10,4,1,0,2,5,3,3,0,5,3,6,4,4
"K03701",30,21,68,9,14,3,14,25,78,0,3,23,7,9,2,9,50,33,47,43
"K07095",3,5,2,4,2,3,3,1,1,0,2,4,3,2,0,0,2,1,2,1
"K07301",0,27,0,64,134,18,90,1,5,142,175,126,56,24,78,80,1,26,0,1
"K18960",5,5,0,2,1,1,5,2,7,0,1,3,1,4,5,1,3,5,3,6
"K15461",13,2,1,2,0,1,1,1,5,1,2,1,0,1,3,0,3,4,1,1
"K03647",18,34,27,24,22,28,62,24,15,1,19,31,12,20,0,17,20,21,28,32
"K01613",6,3,8,2,3,0,3,2,0,0,2,2,2,10,0,1,0,6,1,2
"K03215",2,11,3,37,98,21,56,3,4,31,70,62,15,16,28,34,6,11,5,7
"K00525",3,21,9,10,8,15,21,10,5,1,5,12,12,9,0,5,12,9,13,17
"K07492",4,75,39,43,29,70,78,58,22,3,31,50,35,84,2,46,39,25,47,50
"K03455",2,2,2,3,1,2,4,2,1,1,0,1,3,3,2,2,1,3,1,4
"K01755",2,1,0,1,2,1,4,1,2,0,1,0,1,0,0,3,2,3,1,2
"K02015",131,58,143,72,118,29,58,51,243,38,129,83,42,44,86,67,220,86,121,79
"K03979",15,34,29,45,69,21,54,28,41,85,74,69,22,29,32,39,45,27,38,33
"K06941",46,37,81,58,125,23,85,19,86,100,154,133,38,38,64,47,34,42,34,53
"K03703",4,8,6,16,30,6,21,4,5,38,38,32,12,9,23,16,6,7,5,6
"K06959",2,12,1,53,138,26,67,1,3,149,140,99,32,19,59,58,2,14,0,2
"K00655",1,8,2,20,55,15,40,3,3,84,62,50,16,15,33,33,5,7,6,4
"K02340",2,5,0,15,36,7,20,2,1,26,52,30,10,3,18,19,0,3,2,2
"K03976",0,2,2,2,1,3,4,1,1,2,2,1,1,3,0,2,2,5,4,3
"K03327",4,26,3,111,282,48,145,5,9,222,378,241,79,59,154,142,2,36,2,4
"K01874",6,25,7,69,148,31,98,7,9,140,172,120,39,24,87,79,9,26,11,11
"K15984",1,9,3,5,4,5,11,3,3,2,3,3,4,3,0,4,3,4,4,5
"K00604",6,7,2,18,46,10,26,1,1,29,51,49,15,12,22,22,0,5,2,2
"K03787",0,89,0,207,463,91,320,5,18,515,990,438,182,104,546,264,3,100,0,7
"K01091",2,5,2,18,35,11,25,3,3,27,51,39,12,5,35,19,3,11,0,6
"K06915",1,2,2,1,1,2,2,1,1,1,2,1,0,1,0,1,2,0,2,1
"K03324",3,1,1,3,3,3,3,1,0,0,1,4,2,0,0,3,5,2,1,1
"K15633",328,203,503,193,283,40,208,210,792,426,253,405,104,122,171,204,428,292,391,302
"K07496",31,36,33,56,35,56,120,39,31,0,27,50,23,28,0,35,38,40,50,57
"K07403",3,0,1,1,1,1,2,0,1,0,0,0,1,1,2,2,1,1,1,1
"K08972",6,8,19,13,8,5,24,11,15,3,10,6,7,2,0,6,9,14,8,13
"K07484",6,8,5,10,5,9,5,2,3,4,1,2,9,2,0,6,3,6,4,9
"K05595",8,3,0,2,0,3,6,4,1,0,2,1,3,3,0,1,6,3,3,5
"K07341",0,3,1,5,8,1,10,1,2,0,4,3,1,0,0,3,0,8,1,5
"K07137",2,2,1,15,20,3,12,1,1,55,30,21,7,6,10,9,0,4,1,3
"K14742",3,7,7,28,50,13,40,11,9,65,85,75,19,18,31,37,4,25,9,6
"K01812",0,57,1,633,265,51,222,7,4,2206,1292,1051,257,138,320,569,1,124,0,1
"K00971",0,11,1,97,155,33,89,3,3,128,216,197,53,23,76,121,0,24,2,2
"K02600",1282,1509,2400,547,1209,79,755,1699,4163,294,755,2222,457,341,267,328,3810,1475,3492,2387
"K00111",3,2,1,2,3,2,3,1,2,0,1,1,1,3,1,1,0,1,1,1
"K09004",4,0,6,6,3,2,8,3,0,0,0,1,1,2,0,4,2,4,1,6
"K07114",0,7,0,51,122,20,54,0,2,145,106,75,26,22,59,62,0,11,0,2
"K02404",1,8,0,43,180,25,80,0,3,71,158,107,27,23,106,55,1,17,0,2
"K07741",1,3,4,2,2,3,8,0,2,1,3,5,1,1,0,1,0,3,0,2
"K00163",12,3,5,5,5,2,14,0,5,1,5,5,3,1,1,2,2,6,0,4
"K04567",7,25,14,92,140,38,117,8,8,184,184,150,42,34,73,63,13,27,19,16
"K02415",0,9,0,49,113,16,55,1,3,220,157,100,31,13,135,80,1,11,0,2
"K03644",6,4,1,2,2,1,3,0,1,2,0,0,1,2,2,1,2,5,2,2
"K03975",18,9,12,12,8,12,31,9,7,2,6,12,5,11,0,9,12,11,20,13
"K00009",0,2,1,2,1,2,2,1,3,0,1,2,0,2,0,0,2,4,2,3
"K03631",2,11,2,44,89,19,50,5,3,85,98,85,28,18,48,41,2,14,4,7
"K23779",0,4,2,1,1,2,6,2,1,0,0,3,1,1,0,1,3,2,2,3
"K01945",0,1,0,1,1,2,2,2,2,0,0,1,2,2,0,3,1,1,1,1
"K14260",0,1,2,2,2,2,3,1,1,1,2,2,6,0,0,1,1,2,1,1
"K03634",1,14,1,113,217,35,105,1,5,330,248,179,54,25,163,95,3,21,0,2
"K00946",7,8,0,26,67,9,37,1,3,66,71,70,18,11,51,36,2,7,0,1
"K06950",7,30,17,25,27,16,69,14,14,0,18,35,9,15,0,7,17,14,30,21
"K01079",0,1,3,6,3,2,4,2,1,0,0,1,2,8,1,2,1,10,3,1
"K06077",16,1,1,5,2,2,3,1,3,0,0,4,1,0,0,1,7,3,1,10
"K01834",56,112,121,131,119,70,292,46,68,1,96,172,29,59,1,36,95,88,155,123
"K06205",1,2,2,2,0,1,4,1,0,0,1,0,4,2,2,1,3,2,1,0
"K03706",5,11,12,16,14,8,25,5,5,0,9,14,3,6,0,5,13,6,15,11
"K01867",17,18,21,33,67,15,51,17,25,77,65,76,16,20,56,41,24,20,23,17
"K01772",6,3,1,2,2,2,5,3,3,1,3,3,1,4,0,1,3,7,3,3
"K02086",0,12,7,4,6,7,21,3,5,0,7,7,2,2,0,4,10,6,9,8
"K01920",12,1,3,3,3,1,3,4,0,1,2,1,2,3,2,2,3,1,0,3
"K08640",0,21,0,5,8,92,12,0,1,148,17,7,9,8,10,7,0,6,0,2
"K07451",3,17,6,7,4,19,5,24,2,0,3,8,13,22,0,14,15,6,6,14
"K00997",1,9,4,7,5,13,21,9,4,0,3,12,5,4,0,8,12,6,11,9
"K02395",21,47,10,143,374,66,226,18,15,229,632,381,121,54,195,262,16,65,10,29
"K11752",0,3,1,2,3,3,6,1,3,0,1,3,4,2,0,3,4,4,1,2
"K03282",12,21,30,41,24,23,64,8,20,0,21,41,10,7,0,8,31,24,21,21
"K00075",9,19,6,57,106,30,66,11,13,79,122,90,29,20,92,66,4,16,12,14
"K01934",3,20,13,52,122,22,94,10,21,62,213,148,33,16,101,65,18,21,18,12
"K02914",7,280,7,81,179,30,104,6,10,244,285,382,1070,22,36,55,9,1055,13,13
"K03040",128,325,245,710,1432,317,1236,109,263,1084,1452,1208,467,288,660,631,214,429,290,230
"K07001",0,9,2,29,93,15,47,1,3,47,66,50,17,17,50,35,0,8,1,2
"K03571",2,15,5,33,224,20,108,4,10,28,176,104,29,24,101,57,8,12,12,17
"K00571",0,20,1,67,144,21,66,2,3,174,246,107,45,32,64,72,5,16,3,5
"K00645",2,9,4,29,81,18,47,4,10,100,64,65,18,12,74,42,3,13,3,3
"K01879",2,7,3,25,82,14,42,2,3,48,59,50,17,12,41,26,2,9,5,4
"K01878",1,7,3,6,6,6,12,2,1,0,5,7,6,5,0,4,2,3,4,5
"K02012",0,6,0,28,102,29,76,1,2,417,93,39,12,9,640,36,0,7,0,1
"K18136",2,0,1,1,1,3,5,1,1,0,2,1,5,3,0,0,2,4,1,1
"K01591",0,2,0,15,40,4,14,1,2,53,36,28,10,7,7,19,0,5,0,0
"K01625",0,9,1,95,115,19,67,1,2,304,182,172,38,13,133,114,0,26,0,0
"K06518",2,13,3,6,8,6,9,16,9,0,3,7,7,2,0,11,3,7,3,8
"K01588",4,3,2,2,1,4,2,5,4,1,0,1,5,4,0,3,2,3,1,2
"K02416",0,13,2,59,155,24,77,2,2,160,147,119,33,22,146,89,0,16,0,2
"K01449",8,7,1,5,0,2,3,3,7,3,2,2,2,3,1,3,5,5,4,3
"K00852",2,3,3,2,1,3,6,4,2,0,1,2,1,3,0,3,4,2,6,3
"K04565",1,112,2,855,1238,202,603,19,34,3102,1942,1463,492,250,1854,1172,7,245,1,14
"K01515",1,8,2,7,2,4,8,2,1,0,1,6,5,4,0,3,3,3,6,2
"K03308",0,5,0,34,69,10,34,1,2,128,63,58,20,16,151,62,0,10,0,0
"K03686",2,6,2,21,29,7,27,2,2,48,18,32,22,3,22,29,3,9,3,3
"K02784",445,422,1051,299,621,173,883,450,955,5,301,754,285,164,64,131,562,549,919,504
"K20074",2,2,3,3,4,3,10,1,0,0,1,7,1,3,0,3,3,1,3,3
"K06960",47,134,111,179,186,99,500,43,83,3,142,276,90,53,0,60,79,123,152,122
"K07493",17,25,25,23,15,37,37,32,18,8,6,31,17,30,0,30,32,19,35,23
"K00986",9,19,5,9,3,5,9,25,3,0,2,7,3,9,0,35,3,11,4,17
"K01710",4,17,13,23,21,13,41,5,6,0,12,24,5,5,1,7,7,11,17,14
"K01714",3,3,1,4,3,2,5,0,1,0,2,3,3,1,0,1,1,2,2,2
"K02115",46,99,75,88,85,56,231,41,58,2,75,154,36,37,0,27,80,68,110,88
"K02109",83,158,146,124,147,99,347,95,107,3,116,242,65,51,0,47,165,132,199,156
"K03501",9,12,7,19,26,13,36,12,6,15,39,33,23,10,7,18,6,19,12,8
"K03305",2,3,2,2,1,2,4,2,1,0,1,2,6,3,0,1,1,3,2,3
"K03609",0,4,3,5,2,3,5,4,5,0,3,9,5,4,1,3,3,4,3,5
"K03610",7,2,3,2,4,1,11,1,3,3,3,2,3,0,0,0,1,2,1,1
"K02836",2,11,3,41,95,13,50,3,6,165,90,78,33,21,100,57,3,16,5,4
"K23356",0,14,0,62,138,30,81,1,6,94,146,104,31,27,53,57,0,17,1,2
"K00099",0,6,0,37,71,12,33,0,4,89,79,77,22,17,77,40,2,9,0,2
"K01835",4,8,6,9,7,5,18,3,6,0,6,11,5,3,0,3,5,6,9,5
"K01788",97,63,224,20,36,1,34,85,287,2,15,75,23,16,11,17,109,110,86,134
"K02470",1,3,2,2,2,2,4,1,1,0,2,3,6,2,0,1,1,4,1,1
"K03496",82,116,164,185,291,61,233,112,221,179,308,323,112,60,74,195,156,155,147,131
"K00640",0,5,3,5,3,4,15,5,2,2,3,3,3,12,0,2,15,1,6,6
"K20509",0,13,0,69,158,30,83,1,2,196,177,135,31,22,116,89,0,17,0,1
"K09458",5,16,6,64,92,26,62,5,9,137,77,85,31,19,84,61,9,20,9,8
"K00133",2,7,3,5,4,5,13,2,2,0,3,8,9,3,0,2,4,6,5,3
"K00677",3,9,0,64,107,18,69,2,2,87,180,147,36,21,58,60,0,13,0,1
"K03060",2,77,6,479,731,153,563,10,10,545,1208,555,130,52,592,221,28,79,17,13
"K02621",1,2,2,4,3,2,6,1,1,0,2,5,2,2,0,1,1,2,3,2
"K01153",11,10,21,4,5,6,6,16,18,0,1,12,8,9,0,5,10,8,8,19
"K04488",2,4,2,5,7,5,13,0,0,0,5,9,6,8,0,2,2,2,8,3
"K11991",5,6,1,3,3,6,11,2,0,0,2,6,6,1,0,2,3,8,4,5
"K09816",0,1,1,2,1,1,2,1,1,0,0,2,2,2,0,2,1,3,1,1
"K02970",223,1513,337,1167,1191,281,1416,648,340,1180,2145,1471,3455,334,1590,569,1295,3228,789,378
"K03820",0,5,0,18,66,8,23,1,1,56,78,48,16,11,31,32,0,9,0,0
"K06213",18,25,38,46,64,13,40,18,35,80,92,86,27,17,36,63,22,25,15,18
"K03106",80,36,98,9,19,4,21,42,116,1,6,35,12,8,5,8,66,41,72,59
"K02913",96,1193,159,5731,11646,2084,7121,310,523,13979,19503,9353,1974,1923,9562,3601,133,1746,142,164
"K02902",9,2339,57,3403,9779,1808,6838,83,221,4624,15281,6966,18008,1373,4731,3282,52,15226,12,87
"K09908",1,1,2,6,2,1,3,1,1,0,2,1,5,4,0,1,5,2,2,1
"K15582",2,8,4,7,4,3,14,2,2,0,5,7,2,4,0,1,5,3,6,4
"K00609",0,4,1,8,23,5,12,1,0,18,27,18,6,5,6,9,2,2,1,0
"K00611",3,4,4,8,7,4,16,1,3,0,4,8,1,1,0,2,5,4,4,3
"K03667",3,4,1,4,3,3,9,2,3,0,2,5,4,3,0,1,3,5,3,2
"K01929",2,10,4,31,71,15,45,3,4,92,107,79,24,14,37,44,2,12,6,4
"K01687",3,4,3,5,2,3,8,1,2,0,2,6,2,3,0,2,2,2,5,3
"K02392",1,39,1,271,413,94,197,6,10,466,592,478,111,67,227,410,1,77,0,4
"K07552",1,1,1,1,0,2,1,0,0,1,0,1,7,3,1,1,2,3,0,1
"K02028",8,29,13,131,204,47,176,8,11,254,298,249,56,45,140,119,9,37,12,13
"K03702",32,36,44,29,66,10,47,29,47,93,53,58,17,19,26,34,42,41,56,25
"K02409",1,13,1,87,176,21,74,1,5,355,180,150,40,25,174,109,1,17,0,2
"K00088",1,20,3,89,113,28,79,5,6,250,172,167,42,41,112,94,10,19,5,5
"K09812",0,2,2,3,3,2,8,1,1,0,2,6,2,1,0,1,0,2,2,2
"K00806",2,2,1,5,3,3,7,1,1,0,4,3,4,2,0,2,2,3,4,3
"K03568",2,4,1,19,50,8,21,0,1,45,39,31,11,8,20,21,0,5,0,0
"K03307",1,2,0,13,27,3,10,1,1,63,48,22,9,12,15,19,0,3,0,0
"K07150",1,5,0,15,45,13,16,2,1,23,33,39,12,10,30,24,5,4,3,4
"K15738",1,1,1,1,2,1,3,0,0,0,1,1,3,1,0,1,0,1,1,1
"K00029",2,6,3,7,4,4,13,2,2,0,3,6,3,4,0,2,4,2,5,4
"K02412",0,9,0,52,122,17,47,1,2,151,108,112,29,22,129,81,0,11,0,1
"K00931",2,4,1,2,1,2,5,1,1,0,2,2,6,2,0,2,2,4,2,2
"K00382",2,3,2,3,2,3,4,2,2,0,2,3,9,1,0,2,2,6,3,3
"K01662",4,9,8,37,84,16,40,3,8,100,104,73,20,19,51,39,7,11,6,5
"K01883",0,3,1,5,19,4,13,1,1,8,21,14,6,3,7,5,1,2,2,1
"K01736",0,2,3,4,3,4,5,2,0,0,1,2,3,2,0,2,1,1,2,4
"K00432",208,77,233,12,179,7,95,109,346,0,28,125,43,22,13,25,56,197,127,103
"K10917",0,4,2,4,1,4,0,3,0,0,1,2,20,2,0,1,3,7,4,3
"K01990",2,13,1,52,116,29,89,5,4,42,171,117,32,18,38,57,2,23,5,5
"K09748",6,26,21,28,72,31,91,17,19,2,91,54,39,29,12,17,28,42,29,42
"K02397",0,15,0,106,153,22,96,2,3,246,271,202,59,29,96,137,1,28,1,0
"K01872",22,29,40,68,160,30,97,18,37,141,192,131,47,32,112,73,28,34,27,26
"K03500",0,2,1,3,3,3,6,2,1,0,2,3,2,0,0,1,1,4,3,3
"K13292",92,50,113,96,205,35,123,46,173,320,165,171,64,53,143,112,83,81,75,53
"K01869",3,16,7,59,85,21,65,6,6,104,117,107,29,21,40,73,5,23,12,10
"K02410",0,9,0,66,150,21,65,2,2,226,144,124,31,30,153,89,1,15,0,1
"K01892",2,12,2,41,117,18,57,1,3,85,93,59,22,18,39,44,4,14,4,1
"K07305",8,10,6,4,4,3,12,1,6,0,1,8,3,8,0,7,9,3,6,7
"K10773",3,9,2,36,71,12,34,3,0,58,82,74,20,11,34,43,1,13,2,5
"K00975",0,9,1,36,52,12,28,1,3,127,114,77,22,11,41,41,1,10,1,0
"K03699",2,11,5,33,74,19,56,4,5,38,60,65,16,12,17,30,4,15,5,8
"K00796",2,2,1,2,1,1,3,0,1,0,1,2,4,1,0,1,1,4,1,1
"K10823",3,15,12,16,13,11,37,9,7,0,12,21,6,8,0,6,7,14,16,15
"K02493",5,2,2,2,2,2,4,1,2,0,0,3,1,1,0,1,0,1,1,2
"K00364",2,2,1,1,0,1,5,1,1,0,3,2,2,1,0,1,2,3,2,2
"K00912",1,1,2,1,1,2,1,2,2,0,2,2,1,0,0,4,0,4,2,3
"K02037",3,13,5,32,72,13,46,2,2,60,92,70,17,12,40,38,2,8,4,4
"K02422",2,7,1,21,131,14,49,0,2,41,149,104,21,10,59,56,0,12,0,0
"K02401",1,1,0,7,21,3,8,0,0,9,14,11,4,5,5,8,2,2,0,0
"K00057",2,12,4,33,37,15,42,3,4,118,49,64,23,11,39,32,3,16,5,7
"K00867",2,6,9,5,9,8,19,10,9,0,7,8,6,3,0,6,7,6,11,5
"K11068",1,5,4,5,3,9,5,4,3,0,1,4,8,11,0,7,9,3,4,5
"K03409",1,25,1,141,303,47,125,5,10,375,314,231,62,47,223,198,3,41,0,2
"K03722",0,2,1,12,27,6,15,1,1,16,27,20,8,5,10,9,1,4,1,1
"K02911",70,780,233,4991,6080,1018,6131,298,696,10031,12071,7144,1123,930,8879,3589,449,979,178,366
"K01154",7,23,27,17,18,24,23,29,8,1,3,13,16,24,1,15,33,17,19,26
"K01673",2,2,2,4,4,4,7,4,1,1,0,2,4,2,0,3,3,5,5,2
"K02036",5,20,8,73,167,34,90,5,3,164,169,128,41,23,55,69,9,20,10,10
"K00849",0,2,3,1,1,1,3,2,1,0,1,2,1,2,0,1,2,2,2,4
"K06925",5,16,3,110,122,33,106,3,2,86,213,136,36,19,33,72,4,14,2,4
"K03286",2,9,2,4,3,5,19,1,1,0,3,3,55,1,1,2,0,20,0,3
"K15581",3,9,6,11,10,7,23,3,4,0,6,14,3,6,0,5,6,7,11,7
"K02411",0,20,0,120,244,29,118,2,4,316,290,225,61,52,254,122,1,27,0,1
"K02072",8,8,8,6,7,14,12,9,1,1,2,9,8,23,0,18,8,12,6,23
"K13256",0,0,4,1,2,2,5,0,1,0,2,1,2,4,0,3,1,4,1,2
"K03071",0,0,1,4,3,3,10,0,0,4,1,3,8,4,0,3,4,1,1,1
"K03811",8,29,16,31,18,44,43,23,13,3,14,30,22,22,3,25,20,21,25,33
"K03550",2,17,7,71,61,17,46,18,7,95,103,114,28,13,41,64,13,22,4,8
"K03563",0,101,8,355,772,87,503,0,8,490,1250,789,1361,80,364,363,0,696,0,6
"K03269",2,2,5,1,1,1,2,1,1,0,1,2,0,0,0,2,8,3,2,6
"K05845",18,15,8,12,7,11,13,12,5,0,9,8,7,9,0,7,7,14,9,15
"K02348",0,4,3,6,2,10,7,12,4,0,2,4,4,9,0,7,5,8,9,3
"K00016",40,129,77,410,401,112,429,33,53,1174,569,686,169,98,251,393,57,121,107,71
"K07177",2,1,4,7,2,7,7,4,3,0,3,10,5,1,0,1,1,5,5,11
"K02067",3,24,0,95,339,41,188,1,7,286,306,220,62,48,139,166,2,37,0,3
"K00526",8,23,17,20,20,18,47,16,13,1,11,30,8,14,0,8,15,21,27,22
"K00067",3,11,5,9,6,6,18,5,2,1,2,5,4,4,0,5,5,5,8,7
"K01646",7,9,5,6,12,3,4,3,5,0,7,6,2,14,0,4,0,2,14,2
"K07126",3,0,1,1,2,2,1,0,8,0,3,0,2,2,0,2,1,2,1,5
"K00878",1,2,1,6,14,4,10,4,2,7,25,14,4,5,8,7,0,1,0,1
"K00014",3,2,0,2,2,2,3,1,0,0,2,5,2,1,0,1,1,3,2,2
"K07260",2,1,3,3,0,2,3,7,2,0,1,6,1,2,0,1,2,4,1,1
"K07025",2,6,4,7,7,6,12,1,1,0,5,8,3,3,0,3,5,4,4,3
"K11071",2,2,2,2,2,2,5,0,1,0,1,4,4,1,0,1,2,1,2,1
"K03742",2,2,1,2,1,2,2,3,1,0,0,1,2,3,0,1,1,1,2,1
"K09811",6,11,5,10,6,3,15,5,1,0,5,8,2,4,0,3,3,4,11,8
"K01000",1,6,4,24,46,9,24,3,1,60,53,36,13,8,36,32,3,6,3,3
"K01925",0,6,1,26,76,15,40,1,2,24,69,53,16,16,27,25,1,9,1,2
"K01790",1,1,2,1,2,2,2,1,2,0,0,1,1,3,0,2,1,2,1,1
"K14475",9,6,5,7,4,4,23,4,4,0,3,7,1,0,15,4,3,16,5,5
"K14060",10,35,16,24,7,37,18,43,7,1,5,14,29,55,4,29,31,27,22,41
"K06881",2,9,3,20,82,13,52,2,4,20,75,50,13,20,49,28,5,8,5,6
"K02346",1,1,2,4,2,2,4,1,1,0,2,2,1,1,0,1,1,2,2,1
"K01151",511,246,619,54,218,6,169,269,667,0,27,225,43,61,28,42,366,328,393,354
"K08602",6,16,19,42,67,18,47,14,9,81,81,71,24,21,35,37,11,16,7,11
"K03547",2,8,0,56,78,15,50,2,3,130,137,121,26,22,47,88,2,14,0,1
"K03783",0,14,1,87,194,36,96,2,5,251,153,151,40,24,69,116,2,24,4,2
"K12942",0,4,0,13,58,5,24,1,1,30,55,30,20,8,40,16,0,7,0,0
"K11717",2,4,2,6,4,3,10,2,2,0,3,6,2,2,0,2,2,1,4,2
"K03152",0,7,0,73,117,15,43,0,1,128,182,158,37,19,89,94,1,14,1,1
"K02003",18,15,25,12,15,8,29,8,18,0,8,20,6,9,0,6,19,15,28,15
"K01156",0,5,0,31,62,12,40,1,1,56,93,73,15,9,23,46,0,10,0,0
"K01023",0,14,1,81,166,30,94,3,3,229,213,170,37,21,125,90,1,17,1,3
"K00615",70,47,92,69,118,25,81,40,125,99,119,130,38,33,45,74,63,76,69,64
"K02761",1,43,2,625,426,55,271,9,4,2309,1325,1203,231,121,435,659,3,128,3,3
"K09797",0,4,1,28,134,12,50,0,3,79,142,89,22,18,93,61,0,11,0,0
"K11690",0,7,0,136,128,10,59,2,0,320,230,283,71,26,84,126,1,22,0,1
"K02650",3,3,1,1,3,2,4,1,1,0,0,5,4,0,18,0,6,1,8,4
"K02069",1,4,1,3,0,4,1,5,0,1,0,1,3,7,0,1,2,3,1,3
"K02916",545,1915,1840,6323,11673,2218,6165,995,3263,10147,12322,8601,3815,1932,4309,4675,1494,2900,1075,1338
"K00588",1,5,2,4,3,1,4,1,0,0,2,3,1,1,0,1,1,3,2,2
"K16785",1,13,4,9,4,9,5,8,0,0,3,10,6,12,0,8,5,5,4,7
"K02110",281,264,616,132,157,82,149,279,1255,0,55,226,135,92,34,128,489,409,455,520
"K07726",0,6,2,4,1,3,7,4,0,0,1,1,4,1,0,4,0,3,4,8
"K00773",3,7,4,19,44,9,24,3,4,44,27,31,11,14,17,24,3,10,3,5
"K07816",1,20,13,15,11,13,30,15,3,2,15,18,7,25,0,13,12,15,12,13
"K03526",6,13,12,36,74,11,38,10,15,89,71,59,23,16,42,47,15,15,19,5
"K07340",0,11,0,35,181,21,59,2,2,134,153,118,30,18,68,80,0,12,0,1
"K06726",3,3,5,6,2,4,7,1,2,3,1,2,4,2,4,4,5,3,2,1
"K00941",0,1,0,7,21,4,12,0,1,18,20,14,4,4,8,8,1,2,0,0
"K03790",0,9,0,3,3,9,5,3,1,0,1,3,6,6,0,6,1,4,4,5
"K00973",7,16,11,12,14,14,34,10,4,1,11,21,7,13,0,9,13,8,15,10
"K03498",0,9,2,19,35,12,15,3,3,37,46,32,17,12,28,28,4,5,5,9
"K22299",0,3,2,4,2,4,11,8,0,0,2,9,2,3,0,1,2,0,10,6
"K19157",2,42,35,21,26,42,69,45,12,0,17,21,22,24,0,25,23,10,37,48
"K21394",0,3,0,85,56,4,43,0,3,145,139,142,33,14,38,80,2,6,0,0
"K03564",1,11,0,66,219,28,113,3,2,131,245,179,47,20,159,94,0,20,1,0
"K01686",0,28,0,308,185,35,119,4,1,1182,615,458,127,85,197,310,0,80,0,0
"K03749",0,11,0,80,105,27,76,2,3,142,151,159,34,15,74,119,1,28,1,0
"K00265",1,2,1,2,2,1,4,1,0,0,1,2,2,1,0,1,1,1,2,1
"K07038",0,3,3,4,1,3,6,6,3,0,0,2,1,6,0,7,0,3,5,5
"K02440",9,12,10,16,9,8,25,5,5,0,7,20,5,7,0,4,7,7,11,12
"K07315",0,5,0,25,50,9,29,1,1,43,94,55,15,10,36,24,0,6,0,0
"K00412",3,2,3,3,1,1,6,2,3,0,2,6,1,1,0,1,5,2,4,4
"K01924",2,5,3,32,73,16,46,3,3,51,92,80,20,12,42,53,2,11,4,3
"K02013",1,5,3,7,51,3,8,1,0,2,42,5,6,8,61,5,2,2,2,2
"K02495",0,3,2,2,2,2,4,0,0,0,1,1,2,2,0,1,2,2,1,2
"K14155",1,14,1,67,194,32,100,2,3,191,190,147,39,25,113,97,2,20,0,2
"K01478",34,17,55,12,39,4,28,42,84,1,5,39,9,4,3,2,22,36,53,37
"K08234",0,2,6,10,7,3,4,4,2,0,2,4,3,1,3,1,3,3,2,2
"K19784",13,25,7,27,8,20,34,19,11,1,11,23,13,19,0,13,9,12,19,30
"K24180",1,2,0,1,1,2,4,3,0,0,2,1,2,3,0,2,2,1,3,2
"K06131",1,2,0,3,2,2,2,1,0,0,1,2,2,2,0,0,1,2,2,1
"K01817",1,3,1,2,2,3,4,0,0,0,3,2,1,1,0,3,2,3,2,2
"K00882",5,12,9,11,11,10,22,4,5,1,9,15,3,5,0,5,7,5,13,8
"K09907",1,1,1,0,1,1,1,1,1,1,1,0,7,0,0,2,2,5,0,1
"K12573",1,39,3,141,429,43,186,4,9,562,469,245,85,75,243,152,5,43,2,6
"K12267",0,13,0,73,166,36,114,3,4,188,158,173,45,28,105,134,1,17,0,2
"K10117",0,1,0,1,1,1,2,1,0,0,1,1,1,1,0,1,1,1,1,1
"K01756",0,8,2,25,63,11,33,1,4,64,66,45,16,12,26,32,3,7,3,4
"K00384",116,73,131,138,191,38,143,59,184,232,223,241,65,41,133,150,118,86,131,82
"K03885",1,2,2,1,1,1,3,2,2,0,2,3,2,1,0,1,2,2,3,2
"K17836",64,37,24,63,17,22,37,26,56,12,14,19,8,22,22,22,54,33,22,19
"K08659",2,10,5,9,6,8,16,7,3,0,4,8,5,7,0,5,7,6,5,8
"K01679",1,3,2,3,2,2,5,1,1,0,2,4,1,3,0,1,2,2,4,2
"K00648",4,24,6,98,179,40,104,8,14,200,204,163,48,33,152,117,10,28,11,8
"K01919",0,3,2,3,1,3,2,3,1,0,0,1,4,3,0,2,3,3,3,3
"K02563",0,7,1,24,89,13,30,1,2,64,60,60,15,13,45,46,0,8,0,1
"K04043",5,75,8,238,495,73,230,7,17,542,390,490,169,90,333,296,10,89,13,12
"K07173",5,17,5,16,8,7,18,9,13,0,4,14,26,6,0,9,23,16,12,11
"K03972",3,21,3,93,407,60,253,6,15,314,611,386,107,50,616,234,2,54,2,1
"K02389",0,14,0,89,176,24,82,1,3,166,255,170,46,20,89,113,1,27,0,3
"K02851",1,2,3,2,2,2,3,1,2,0,1,4,1,1,0,1,1,1,2,1
"K02400",0,4,0,23,57,9,24,1,1,49,56,48,10,9,27,25,0,5,0,0
"K03303",2,6,1,45,68,10,33,1,3,147,85,74,19,15,50,54,1,7,0,0
"K02071",0,2,1,2,2,2,5,2,0,0,1,2,1,2,1,1,1,1,1,1
"K03784",1,4,2,4,3,5,10,1,1,0,2,7,19,5,0,2,2,13,3,2
"K01258",5,36,5,171,290,61,164,7,10,569,321,280,82,59,334,201,7,47,11,12
"K12410",0,18,0,93,201,38,111,2,5,235,234,180,54,36,157,100,1,25,0,1
"K02824",1,2,2,2,1,3,2,3,1,0,1,2,3,4,0,2,4,3,2,3
"K00602",4,6,3,8,7,10,8,9,2,0,2,2,5,23,1,11,6,4,6,7
"K08968",0,4,2,7,3,6,14,3,1,0,4,5,2,2,0,4,4,3,4,4
"K08281",16,3,20,0,2,2,6,3,15,0,0,5,1,0,0,1,4,3,5,8
"K07444",1,2,1,2,3,2,5,1,1,0,1,1,3,2,0,1,1,2,2,1
"K01256",2,4,3,3,4,2,7,2,1,0,2,3,1,1,0,1,3,2,3,3
"K20265",1,1,3,1,1,1,4,1,1,0,1,3,2,2,0,1,1,2,2,1
"K02038",3,6,6,7,8,7,21,3,2,0,3,12,3,3,0,2,2,6,3,6
"K01142",2,15,4,52,110,19,57,3,4,164,112,95,23,24,77,59,2,13,3,2
"K20108",1,2,2,2,2,1,5,1,0,0,2,3,2,1,0,1,1,1,3,2
"K06896",0,2,1,2,3,3,6,1,0,0,2,2,1,1,0,2,0,2,3,1
"K01066",8,32,24,37,38,25,79,6,9,0,22,44,9,17,1,12,18,18,32,23
"K03322",13,16,16,13,14,9,45,13,20,1,11,25,5,7,0,5,22,15,23,20
"K07478",6,12,12,29,47,11,33,7,15,30,65,61,13,10,22,31,7,9,13,6
"K07277",0,11,0,52,113,19,66,2,3,128,153,110,31,17,84,74,0,15,0,2
"K00052",2,1,1,3,2,2,4,1,1,0,1,2,1,2,1,1,1,2,2,2
"K03572",1,4,0,19,82,8,29,0,2,46,76,41,13,13,25,24,0,7,0,0
"K09962",0,3,4,2,3,3,6,3,0,1,1,2,4,1,0,3,1,3,2,3
"K03615",1,9,0,45,113,20,54,1,2,104,128,106,27,16,88,65,0,13,0,1
"K00036",5,11,9,10,10,7,20,5,5,0,9,17,6,6,0,3,6,9,12,10
"K03778",30,60,43,131,178,66,227,24,31,186,244,232,48,51,150,89,32,55,61,53
"K00874",0,21,0,226,279,50,149,3,4,622,505,418,93,50,283,292,0,58,0,2
"K03205",2,8,4,4,0,7,3,8,1,0,1,2,5,8,0,5,4,3,3,7
"K20534",0,9,0,73,201,27,107,1,4,208,229,154,45,25,181,93,1,15,0,0
"K06147",1,1,1,2,1,1,3,1,0,0,1,1,2,1,0,1,1,2,1,1
"K00540",1,9,3,6,3,6,7,5,8,2,2,6,4,5,0,8,4,6,6,12
"K03524",0,4,0,11,54,9,31,1,2,21,63,45,11,10,27,19,1,7,0,1
"K03723",0,2,1,6,22,4,12,1,0,4,21,13,5,4,4,7,1,2,1,1
"K03892",0,6,5,5,9,7,23,3,0,0,14,12,6,3,0,1,10,11,8,0
"K11041",1,7,0,41,97,15,55,1,2,70,106,75,18,15,46,40,0,11,0,1
"K00845",3,6,4,4,5,4,16,2,3,0,4,9,3,3,0,3,4,3,6,6
"K03613",0,8,0,50,126,16,52,1,2,226,165,106,31,21,120,55,0,14,0,0
"K00974",0,5,1,29,69,15,44,1,2,32,116,64,17,10,42,23,1,7,1,2
"K04032",0,6,0,30,115,16,55,0,2,56,148,85,25,17,29,37,0,10,0,1
"K00970",0,4,0,28,68,14,43,1,2,32,116,63,19,10,42,22,1,8,0,0
"K02822",0,16,0,116,247,16,76,7,2,1025,392,258,57,49,435,156,0,29,0,0
"K06975",0,4,6,6,12,10,19,7,17,0,6,17,8,9,0,5,39,7,12,5
"K00700",0,10,0,9,18,5,24,0,2,17,48,17,20,7,8,15,1,10,0,0
"K03076",63,185,121,337,537,140,592,51,81,433,554,523,297,117,220,259,94,262,144,111
"K11065",12,312,19,1538,2611,431,1675,33,62,3220,4361,2849,661,439,2105,1789,20,540,16,30
"K03436",4,8,8,12,9,7,33,6,5,0,5,20,3,4,0,5,6,6,8,7
"K03046",21,63,41,137,249,71,211,28,27,284,200,217,94,67,109,141,32,75,55,40
"K02835",1,19,1,112,174,31,106,3,4,222,243,186,51,38,117,97,2,20,2,2
"K02112",65,121,124,90,81,66,192,86,124,3,48,147,65,67,2,38,133,93,152,117
"K13195",10,4,5,7,6,2,9,2,7,0,7,10,2,0,0,0,6,5,4,2
"K08998",0,2,0,7,23,9,15,2,5,9,30,23,10,5,10,7,6,2,2,2
"K01873",3,11,6,37,82,15,46,5,5,84,95,61,22,18,37,32,6,13,8,7
"K01838",7,6,9,9,6,5,19,3,7,0,6,11,4,3,0,3,5,9,9,9
"K03043",18,53,28,107,254,52,182,14,24,206,210,200,75,46,92,119,27,60,41,31
"K04086",4,10,8,8,10,5,19,4,3,0,6,13,3,3,0,3,6,7,11,8
"K06889",2,3,1,2,2,1,2,1,0,1,1,1,0,2,1,1,1,3,1,2
"K03210",49,81,81,209,467,97,433,28,57,389,710,424,125,61,404,204,49,117,65,94
"K06024",11,18,21,31,131,23,94,9,18,70,188,128,29,28,92,49,9,19,17,8
"K03523",8,36,6,125,284,71,169,12,8,470,289,246,68,54,287,150,8,36,9,12
"K06412",68,3623,112,20351,31933,8659,26245,575,1719,40694,39753,25434,6595,6372,48621,22388,370,5539,64,486
"K00876",11,29,17,87,133,35,108,10,14,180,185,189,55,27,81,95,19,38,20,18
"K03708",6,11,6,4,3,5,8,4,1,0,6,4,2,1,0,4,7,11,4,3
"K08987",8,7,11,19,7,13,14,25,3,1,2,3,8,18,0,13,11,10,8,16
"K09760",1,3,1,2,3,2,5,0,1,0,1,3,1,2,0,1,1,1,3,1
"K07284",2,10,5,5,6,12,9,7,1,0,4,5,6,7,0,10,13,3,7,12
"K02274",26,29,35,20,16,12,42,17,17,1,11,31,7,12,0,7,25,21,49,33
"K02256",26,29,35,20,16,12,42,17,17,1,11,31,7,12,0,7,25,21,49,33
"K05832",1,5,1,1,1,3,5,3,1,0,1,2,2,4,0,3,0,1,3,1
"K01808",163,93,214,90,177,19,108,108,268,162,174,231,56,46,141,108,226,107,228,122
"K07485",2,12,8,10,5,20,14,10,2,0,4,8,10,27,0,12,11,7,10,8
"K01989",0,3,1,2,1,3,5,2,0,0,2,3,2,2,0,2,1,0,3,4
"K05833",1,4,1,3,3,6,5,3,1,0,2,3,3,2,0,2,1,5,5,2
"K05846",4,7,1,4,2,8,8,7,2,1,2,4,2,10,0,5,8,2,6,6
"K09933",1,0,2,3,5,1,1,1,2,2,2,2,0,0,1,0,3,1,0,6
"K01259",2,2,3,3,5,2,11,2,6,0,5,8,1,1,0,1,3,5,5,5
"K16511",5,10,9,8,9,6,21,6,6,0,6,11,3,3,0,3,11,4,10,6
"K03616",1,33,0,214,542,51,237,7,13,583,589,277,58,83,439,218,1,77,0,4
"K03664",215,182,243,166,272,72,249,87,301,252,244,320,112,65,218,193,114,151,212,135
"K03767",3,105,6,537,1406,216,670,9,34,1729,1180,797,280,200,1078,730,11,144,4,18
"K00761",29,38,49,20,17,10,38,22,57,0,14,37,94,15,2,9,45,90,51,38
"K03431",2,3,2,4,3,2,9,1,1,0,3,3,4,1,0,2,3,4,4,2
"K01956",0,3,1,3,3,1,4,1,1,0,1,2,1,2,1,0,1,2,1,1
"K07223",2,10,5,10,11,6,12,5,2,0,5,6,10,9,0,2,3,5,4,4
"K09131",0,18,0,58,305,25,143,0,5,196,245,149,31,13,109,146,8,26,0,0
"K03698",2,17,9,9,7,8,18,8,3,1,5,14,3,13,0,5,13,8,11,6
"K02171",0,2,2,5,1,13,8,6,1,0,0,1,3,5,0,8,4,4,3,4
"K18682",42,89,77,282,552,134,470,44,97,568,754,580,145,94,534,268,70,116,76,69
"K21471",0,1,3,2,0,3,8,2,4,0,3,2,2,1,0,1,3,4,13,1
"K08996",8,8,3,1,6,7,13,4,3,0,6,7,6,8,0,6,1,2,14,4
"K07316",1,35,1,187,325,71,199,9,8,374,497,392,96,67,203,211,5,44,2,8
"K21238",4,2,1,2,1,1,2,2,4,1,1,1,1,1,0,2,2,3,1,2
"K07447",19,47,25,66,71,28,111,34,20,33,75,85,26,33,17,44,29,28,40,27
"K02961",81,181,173,810,1616,270,730,61,260,3343,1806,1375,1261,220,1032,976,99,635,84,91
"K02963",45,240,210,410,879,161,569,73,312,987,898,583,542,167,342,366,88,362,102,124
"K02968",109,405,242,556,784,160,712,140,129,229,966,773,1243,130,745,425,278,1279,275,184
"K00620",1,12,0,69,188,31,94,1,4,127,178,141,36,22,107,71,2,17,0,2
"K01174",0,6,0,2,2,36,10,0,2,28,5,2,7,4,3,2,0,2,0,2
"K08728",3,2,3,3,4,2,8,4,3,1,3,7,1,2,0,3,1,2,3,4
"K01999",2,2,2,3,1,2,4,2,1,0,2,2,2,7,0,2,3,2,5,2
"K06898",2,4,1,3,1,2,3,5,2,0,1,4,1,2,0,3,6,1,2,6
"K07742",3,28,23,25,32,23,73,10,7,0,28,33,12,9,0,15,16,24,22,19
"K07570",0,2,7,4,13,7,20,2,1,0,5,9,1,8,0,5,1,4,3,7
"K24119",3,17,6,15,11,10,26,2,3,1,11,24,9,8,0,9,7,10,10,10
"K11144",3,6,4,5,4,5,11,6,2,0,3,6,2,2,0,4,3,4,7,3
"K04767",1,2,3,5,2,3,7,1,1,0,3,4,2,1,0,2,1,2,3,3
"K11145",7,20,12,27,38,29,38,17,9,0,22,31,8,10,0,10,16,18,24,24
"K02044",3,4,4,5,5,2,9,3,2,0,5,10,2,2,0,2,3,2,5,6
"K06864",1,6,2,5,3,3,5,4,1,0,3,4,4,3,0,1,2,1,3,4
"K07010",3,3,5,5,0,7,8,4,6,0,3,2,3,8,0,7,4,2,5,4
"K09457",4,1,2,4,3,3,9,2,0,0,0,2,2,2,0,1,0,2,4,4
"K07729",0,3,4,6,5,7,8,8,6,0,5,0,3,1,0,4,2,2,6,6
"K03386",1,47,1,351,384,64,257,3,6,643,825,615,271,67,246,500,2,142,2,4
"K06221",0,1,2,3,1,1,3,1,1,0,0,3,1,3,1,1,0,1,2,2
"K02794",11,21,14,20,23,14,46,10,10,0,18,27,5,10,0,8,19,15,21,15
"K02795",1,3,3,4,1,2,9,3,3,0,1,4,1,1,0,2,3,2,4,4
"K07738",6,4,9,7,8,6,26,10,5,1,10,12,8,6,0,8,4,10,6,7
"K19156",0,13,12,3,4,15,5,19,10,3,0,3,8,14,0,12,15,7,9,18
"K05582",2,17,9,7,2,15,2,28,2,0,1,2,10,20,0,8,16,5,15,17
"K09014",4,17,5,58,216,39,96,2,3,443,175,118,33,19,80,67,4,18,6,4
"K00004",3,4,3,3,3,1,9,2,6,0,1,6,1,1,0,2,5,3,3,6
"K07533",8,13,10,16,20,12,46,9,9,1,11,23,4,6,0,5,14,14,20,12
"K09825",2,3,2,6,4,4,10,1,1,0,5,5,1,2,0,1,1,7,2,2
"K07448",0,5,1,10,36,6,18,1,0,22,41,23,9,6,13,21,0,4,1,6
"K03465",0,4,0,35,67,14,39,1,0,76,107,90,20,7,65,66,0,12,0,1
"K03785",1,4,1,6,7,3,9,1,1,0,3,7,1,4,0,2,2,3,5,2
"K09769",69,33,92,41,92,15,53,35,101,58,83,77,26,19,35,35,64,46,59,54
"K03346",1,5,6,6,6,4,18,5,2,0,5,6,2,2,0,5,2,3,12,7
"K02965",102,255,190,496,1055,310,754,108,174,884,923,734,275,277,779,412,140,198,231,224
"K09121",1,6,4,5,3,6,8,3,1,0,3,8,2,4,0,3,2,1,3,3
"K03367",6,14,10,12,12,10,33,6,7,0,11,22,4,5,0,5,10,11,16,14
"K11072",1,4,1,3,2,1,7,1,1,0,1,4,16,0,0,1,2,9,2,3
"K05340",2,6,6,7,3,6,13,3,4,0,1,8,2,2,0,4,6,5,9,6
"K12997",1,2,2,4,4,3,10,1,2,0,5,4,1,2,0,1,2,1,3,1
"K23537",2,2,3,3,1,2,5,2,1,0,2,2,1,1,0,1,3,2,4,3
"K01963",2,29,8,63,92,47,55,30,6,138,116,80,51,52,73,69,15,20,12,14
"K03484",3,14,8,14,12,10,30,3,4,0,10,15,3,3,0,3,3,5,7,9
"K10036",2,6,3,5,3,4,9,3,2,0,3,5,2,1,0,3,6,3,4,3
"K21562",2,5,3,6,6,4,8,2,1,0,2,6,2,5,0,2,4,3,5,7
"K06948",2,3,4,6,4,5,10,2,2,0,5,6,2,3,0,2,1,2,5,3
"K23535",1,2,2,2,1,2,2,2,1,0,1,2,2,1,0,2,2,2,3,3
"K09685",2,7,5,7,5,6,11,6,2,0,1,6,2,4,0,3,5,3,9,6
"K01641",1,1,1,2,2,1,4,1,0,0,1,1,1,1,0,1,2,1,1,1
"K11051",1,3,1,1,1,1,1,1,1,0,0,1,1,0,0,1,1,1,1,1
"K10039",1,4,3,4,3,4,6,3,2,0,3,6,2,2,0,1,3,2,4,4
"K12296",0,2,7,3,1,10,2,3,1,0,2,1,7,5,0,5,2,2,4,2
"K05823",1,4,2,3,2,4,5,2,2,0,2,6,1,2,0,2,2,2,3,2
"K06413",1,1,1,2,1,1,3,1,0,0,0,1,1,1,0,1,2,2,2,1
"K15976",1,3,1,2,3,2,4,1,2,0,2,2,1,2,0,2,2,1,1,2
"K01644",3,9,5,8,5,5,19,6,5,1,3,10,4,3,0,5,8,4,7,9
"K14588",1,7,4,4,2,5,5,6,2,0,2,4,3,4,0,3,5,4,4,6
"K03292",1,20,1,243,286,15,131,4,2,509,1027,497,183,82,111,245,1,40,1,1
"K03737",0,22,0,121,286,32,135,2,5,400,329,217,55,42,115,150,2,30,1,2
"K02434",2,17,6,87,149,29,91,5,6,253,169,150,35,28,143,85,4,20,8,6
"K07504",0,9,0,54,149,16,57,1,2,129,178,122,40,15,71,72,1,11,0,1
"K00784",3,11,9,38,84,19,65,6,6,28,116,76,22,16,46,49,9,16,9,4
"K01711",0,37,1,230,377,96,260,5,10,661,491,475,113,64,311,275,2,58,0,5
"K04773",2,8,0,29,78,10,36,1,3,136,83,61,19,13,46,40,0,10,0,2
"K06123",0,13,1,69,85,27,57,3,2,196,104,153,24,18,57,79,1,18,1,2
"K02124",0,203,3,1158,1879,343,1265,13,55,2983,2324,1818,511,321,1557,1143,17,236,4,15
"K23536",1,6,5,4,2,4,5,2,3,0,1,3,3,3,0,1,1,1,3,3
"K01281",0,2,1,3,1,1,6,1,0,0,1,2,1,1,0,2,0,1,2,2
"K09157",4,4,3,4,3,2,8,2,2,0,1,4,2,2,0,1,4,2,4,4
"K16211",3,6,4,5,3,4,11,3,2,0,2,6,2,3,0,1,4,2,4,7
"K02396",0,11,0,83,111,22,63,1,2,229,198,142,43,24,89,116,1,20,1,1
"K09698",5,17,11,16,15,13,34,5,6,0,12,21,3,7,0,4,10,11,14,9
"K03471",11,10,27,5,7,1,9,7,28,0,2,10,3,6,1,3,14,12,21,12
"K07498",1,19,5,15,7,23,14,22,2,1,6,11,9,18,0,15,9,7,12,16
"K03777",2,7,4,7,3,3,11,4,7,0,3,7,2,5,0,2,5,5,5,6
"K16649",2,4,3,2,1,2,3,3,3,0,1,2,1,1,0,1,3,2,3,3
"K05311",9,13,10,9,10,7,31,7,10,0,8,20,4,4,0,5,14,10,18,11
"K05985",18,10,22,7,8,5,11,10,28,0,5,8,3,6,5,9,15,10,21,13
"K22044",0,2,1,3,2,3,4,1,0,0,1,3,0,1,0,1,1,1,1,1
"K07636",0,0,1,2,1,1,2,1,0,0,2,1,1,1,1,1,0,1,1,2
"K18640",0,5,1,1,3,2,5,2,0,0,2,2,1,0,0,2,1,2,3,4
"K07979",1,2,2,6,3,6,14,8,0,0,0,4,5,6,0,3,6,1,1,1
"K00949",2,6,2,5,6,6,6,4,3,1,3,9,3,20,0,1,7,4,7,8
"K07736",1,175,2,982,1436,353,1055,19,54,1215,2381,1769,482,285,898,1226,5,345,2,16
"K00651",1,2,2,2,3,2,4,1,1,0,1,2,1,2,0,1,1,3,1,2
"K10038",1,2,2,2,4,3,7,0,0,0,2,4,1,2,0,1,0,2,2,2
"K02123",0,33,0,154,318,41,160,3,7,598,374,268,87,58,235,220,2,35,0,2
"K02117",1,48,0,257,481,68,269,4,11,685,490,380,115,86,283,288,3,60,1,2
"K02118",0,65,0,330,528,93,290,4,13,832,562,507,146,120,369,350,4,79,1,3
"K02119",0,72,1,315,637,105,368,4,15,654,854,517,182,146,283,340,5,91,2,6
"K02120",1,76,2,384,960,119,504,7,16,771,998,732,170,112,564,496,4,106,0,6
"K02122",0,78,0,389,739,151,414,8,13,951,763,538,171,128,552,385,2,98,1,5
"K01195",1,65,0,887,580,67,332,11,3,3678,2229,1555,509,250,674,828,2,188,0,2
"K09963",346,181,571,376,629,34,342,235,758,902,1112,762,278,142,304,387,231,240,412,266
"K02377",0,33,0,193,388,63,175,5,5,468,433,460,118,70,321,376,2,74,0,3
"K18367",0,11,0,116,145,21,88,1,3,404,314,200,55,24,184,110,0,21,0,0
"K13017",0,15,0,53,176,28,86,0,3,139,150,113,34,24,86,93,1,18,0,1
"K09516",0,18,0,113,184,36,150,2,7,640,235,203,55,36,192,143,2,28,0,3
"K03387",2,36,3,209,256,36,172,3,4,435,600,421,124,45,97,283,3,63,4,4
"K02791",1,35,1,320,390,92,237,3,7,528,486,555,115,62,188,351,2,75,0,2
"K03617",0,23,1,134,267,34,116,2,5,295,386,209,69,52,182,129,0,29,0,2
"K23351",0,25,1,180,492,71,189,4,9,772,481,448,123,71,403,328,3,60,0,2
"K18941",4,8,6,5,8,5,18,5,9,0,3,10,2,3,0,2,8,7,5,13
"K13626",0,43,2,114,605,89,379,6,12,188,890,546,133,92,329,222,2,48,0,4
"K01643",3,5,4,6,5,3,15,3,5,0,4,13,2,3,0,2,5,5,7,5
"K13953",7,9,7,6,6,6,16,5,6,0,6,12,2,5,0,4,6,6,10,8
"K06929",1,6,1,1,4,3,5,1,3,0,5,3,1,4,0,1,2,0,3,3
"K01914",4,14,10,25,80,15,52,3,4,51,96,62,15,13,49,31,5,13,11,7
"K01910",3,8,7,7,7,5,20,5,5,0,6,14,3,4,0,2,8,7,9,8
"K01805",2,2,3,4,4,4,12,1,2,0,4,5,1,5,0,2,5,3,6,3
"K09015",5,5,5,6,5,4,11,2,2,0,5,10,1,3,0,2,2,4,5,4
"K01703",1,2,1,2,2,2,4,0,0,0,1,3,1,2,0,1,1,1,2,1
"K02768",3,5,3,4,3,3,10,2,3,0,2,8,1,2,0,2,3,3,3,4
"K09882",2,1,2,4,1,1,1,1,3,0,1,1,2,1,0,1,4,1,0,2
"K03529",0,4,1,18,39,10,27,1,1,30,62,41,11,6,30,17,0,4,1,1
"K06286",3,8,7,9,10,8,26,5,5,0,7,15,4,6,0,3,8,6,8,9
"K01101",1,3,1,3,3,3,7,3,2,0,0,2,2,3,0,1,6,2,6,2
"K22373",1,1,1,2,2,1,4,1,1,0,1,4,0,1,0,1,2,1,3,3
"K03697",1,3,2,4,3,3,6,2,1,0,3,4,1,1,0,1,1,2,4,3
"K00691",4,8,6,7,7,5,16,3,2,0,5,10,3,4,0,3,4,5,9,7
"K03763",0,1,1,1,1,1,2,1,0,0,1,1,1,1,0,1,1,1,1,1
"K02796",2,5,5,8,7,4,15,2,2,1,3,9,3,4,0,3,4,3,6,6
"K20112",5,5,4,3,2,4,14,5,5,0,1,6,0,1,0,1,7,6,5,7
"K04094",1,3,2,5,2,1,7,1,1,0,2,5,1,2,0,1,1,1,3,2
"K21027",1,2,2,3,3,2,5,1,1,0,1,3,1,0,0,2,1,2,4,2
"K05362",1,1,1,3,3,2,5,1,1,0,2,3,1,2,0,1,1,1,2,2
"K00625",1,5,3,5,5,3,9,1,1,0,5,7,2,1,0,1,3,3,5,4
"K00054",1,3,2,2,1,2,6,1,1,0,1,4,1,2,0,1,0,0,6,2
"K03492",1,4,6,6,6,5,11,5,2,0,5,7,3,1,0,4,4,3,7,6
"K18926",1,1,1,1,1,1,2,2,0,0,1,2,1,1,0,1,1,0,2,2
"K07668",4,8,4,9,7,6,17,3,5,0,5,14,3,4,0,4,7,7,9,6
"K15770",0,1,1,1,2,1,2,1,1,0,0,1,1,0,0,1,1,1,3,2
"K16323",4,4,2,2,2,2,7,1,4,0,2,6,1,1,0,1,2,2,3,3
"K06885",0,1,2,2,1,2,4,2,1,0,2,2,1,1,0,1,1,2,3,1
"K14982",0,1,1,2,1,1,4,1,0,0,2,2,1,1,0,0,1,1,1,1
"K09692",1,2,1,1,1,2,4,2,0,0,1,2,1,1,0,1,2,2,4,3
"K09765",0,11,1,87,240,36,139,1,5,181,270,148,46,31,166,73,0,18,1,1
"K14983",0,2,0,1,1,2,3,1,0,0,1,4,1,2,0,1,1,2,1,1
"K10851",0,2,0,3,4,2,4,1,1,0,3,8,1,0,0,1,1,2,2,2
"K16789",9,6,0,3,3,4,4,1,0,0,0,6,3,13,0,3,2,1,4,2
"K06956",1,11,0,74,108,14,56,2,2,364,171,157,44,20,130,127,0,12,0,1
"K08161",1,2,1,2,2,2,1,3,1,0,1,1,1,2,0,0,2,2,2,2
"K05363",1,1,1,3,3,2,5,1,1,0,2,3,1,1,0,0,1,1,2,1
"K12554",1,4,3,6,6,4,11,1,1,0,4,7,2,3,0,2,2,3,4,3
"K00687",1,2,1,3,3,2,4,1,1,0,2,3,1,1,0,0,1,1,1,1
"K20073",0,3,2,4,4,3,12,2,1,0,3,4,1,2,0,2,3,2,3,2
"K00003",0,1,2,2,2,2,3,1,0,0,1,2,1,2,0,1,0,1,2,2
"K01198",0,1,1,2,2,1,4,1,1,0,1,3,0,1,0,1,0,1,2,2
"K06962",1,5,6,7,4,5,14,4,3,1,6,9,2,6,0,3,4,4,3,3
"K00869",0,1,2,2,1,2,2,1,1,0,3,1,1,1,0,0,1,0,1,1
"K09005",0,7,0,73,139,15,71,1,2,185,197,146,24,10,154,108,1,22,0,1
"K11616",2,5,3,6,3,4,9,4,3,0,3,7,3,4,0,3,3,4,4,5
"K22580",1,1,1,2,2,1,3,1,1,0,1,4,1,1,0,1,1,1,1,1
"K16787",0,1,2,1,1,1,4,1,1,0,1,1,1,1,0,1,1,0,0,2
"K22927",1,2,1,2,2,3,3,2,0,0,2,2,2,2,0,2,3,2,2,2
"K04794",2,11,0,76,155,38,96,1,4,115,152,123,39,14,65,62,0,8,0,2
"K22212",2,4,3,6,4,3,10,1,1,0,3,5,1,3,0,1,2,1,4,3
"K07487",0,3,1,1,1,3,1,3,0,0,1,1,2,3,0,2,3,2,1,3
"K19003",1,2,2,1,1,1,3,2,1,0,1,2,1,3,0,1,1,1,3,1
"K06993",0,4,1,25,45,12,35,2,1,50,52,39,13,14,31,21,1,6,1,2
"K07386",1,3,1,2,2,1,4,1,0,0,1,3,1,2,0,1,1,1,2,1
"K22106",2,0,1,1,1,2,5,1,1,0,2,1,0,1,0,0,2,2,1,1
"K16937",0,3,2,6,2,4,5,7,2,0,2,1,3,3,0,4,8,3,4,5
"K01261",0,2,2,2,2,1,3,1,0,0,1,2,1,2,0,1,1,1,1,1
"K19411",0,24,0,75,368,51,151,3,2,295,433,283,84,65,217,183,1,35,0,1
"K03366",2,1,1,1,1,2,4,1,1,0,1,1,0,2,0,1,0,0,1,2
"K02904",207,175,472,115,195,18,127,191,695,4,48,308,63,80,33,111,332,280,201,275
"K07473",7,27,15,49,16,39,61,65,5,0,11,34,13,49,0,34,71,21,34,38
"K10037",1,3,2,3,2,2,6,0,1,0,2,3,1,1,0,1,1,1,2,2
"K10040",3,9,7,8,6,6,14,4,2,0,4,9,3,3,0,4,6,4,5,6
"K13927",2,2,3,3,3,2,7,3,3,0,2,5,1,2,0,2,4,3,4,5
"K10938",0,10,0,57,154,20,50,0,2,206,119,66,22,23,62,82,0,12,0,1
"K04771",1,14,0,93,141,38,105,2,4,271,155,185,49,23,85,116,1,20,0,1
"K00812",2,3,3,3,5,2,13,0,1,0,3,4,1,4,0,1,1,1,4,2
"K22457",2,3,3,3,5,2,13,0,1,0,3,4,1,4,0,1,1,1,4,2
"K03462",0,5,0,35,78,14,47,1,2,108,104,82,22,16,68,49,0,8,0,1
"K01182",1,3,3,2,2,2,6,2,2,0,2,3,1,0,0,1,3,2,3,2
"K16786",47,27,75,9,16,2,15,37,80,0,3,23,8,9,5,5,51,29,48,45
"K19002",2,2,3,3,2,3,8,2,2,0,2,5,1,1,0,2,2,2,5,2
"K18707",0,5,0,35,75,14,35,1,1,125,89,74,18,11,36,50,0,10,0,1
"K02433",1,8,2,31,89,16,48,2,3,67,80,67,15,13,61,36,1,10,3,3
"K07442",0,8,0,52,106,16,42,2,2,113,120,106,20,21,71,63,0,11,0,0
"K17074",2,5,3,4,5,3,11,2,0,0,3,6,1,3,0,2,2,2,5,4
"K17073",2,5,3,4,5,3,11,2,0,0,3,6,1,3,0,2,2,2,5,4
"K00887",0,1,5,5,2,1,12,2,3,0,2,6,1,7,0,2,9,0,1,1
"K00091",0,4,0,23,65,11,32,0,1,67,61,38,9,7,34,20,0,4,0,1
"K10254",1,2,2,2,1,2,5,3,3,0,1,3,1,3,0,1,2,1,2,2
"K07456",0,4,1,22,56,8,25,1,1,35,77,43,12,10,31,21,2,6,1,2
"K20114",0,2,1,2,1,1,6,1,1,0,1,3,1,1,0,0,2,1,3,2
"K18692",2,6,2,5,4,4,7,2,1,0,4,4,1,3,0,2,3,3,5,5
"K09693",0,1,1,1,1,1,3,1,1,0,2,1,0,1,0,1,2,2,1,0
"K12268",0,1,1,1,1,1,3,1,1,0,0,1,1,1,0,1,1,1,1,4
"K20113",12,7,7,4,6,9,28,7,3,0,8,12,4,3,0,6,25,11,4,9
"K00721",0,12,0,56,139,27,75,1,3,130,154,114,34,27,134,73,1,12,0,0
"K05847",0,2,1,4,1,4,2,3,2,0,1,1,2,2,0,1,3,2,2,6
"K07707",1,2,1,3,1,3,3,1,0,0,1,2,2,2,0,1,3,2,2,1
"K01819",1,6,1,4,2,6,6,2,1,0,4,1,2,1,0,2,3,3,0,1
"K00131",2,5,4,7,6,4,15,1,1,0,5,7,2,2,0,2,3,3,5,6
"K09976",94,38,181,30,27,2,21,24,147,7,9,76,10,13,17,16,23,20,40,99
"K21525",3,1,1,4,1,1,3,1,4,0,1,2,0,1,2,1,4,2,1,2
"K05337",201,208,427,67,71,0,29,232,456,0,25,119,19,47,18,38,783,109,377,195
"K09883",2,2,2,3,1,2,2,2,3,0,1,2,5,1,2,1,2,6,1,2
"K07257",0,4,0,21,39,8,13,1,1,32,40,37,8,11,17,13,1,3,0,0
"K18920",20,9263,44,1800,0,1,0,10,28,0,89,16,49872,29,0,2,22,39328,12,126
"K18922",20,9263,44,1800,0,1,0,10,28,0,89,16,49872,29,0,2,22,39328,12,126
"K12556",1,3,2,4,3,2,5,1,0,0,2,3,1,2,0,1,1,1,3,2
"K15519",0,2,1,3,2,3,5,0,1,0,1,3,0,1,0,1,1,2,3,1
"K21313",2,1,1,3,1,1,2,1,3,1,0,1,0,2,0,1,2,2,1,1
"K21502",2,1,1,2,1,1,2,1,2,0,1,0,0,1,0,1,1,2,1,2
"K02385",0,7,0,75,195,22,62,2,3,125,252,168,44,5,175,88,4,2,0,0
"K16209",4,7,8,6,5,4,13,6,7,0,4,7,2,2,0,3,10,7,9,10
